0.000000000000000000e+00,0.000000000000000000e+00,0.000000000000000000e+00
1.745605232324491940e+00,1.499999999999999771e-02,3.691880516971547525e-04
3.491210464648983880e+00,2.999999999999999542e-02,2.646406917415410585e-03
5.236815696973476264e+00,4.499999999999999833e-02,2.442731090954236572e-02
6.109618313135722012e+00,5.249999999999999806e-02,1.094807653561320204e-01
6.546019621216845330e+00,5.624999999999999445e-02,2.490153648053715085e-01
6.764220275257406989e+00,5.812500000000000305e-02,3.812467433200628641e-01
6.982420929297968648e+00,5.999999999999999778e-02,5.811155563898671161e-01
7.200621583338530307e+00,6.187499999999999944e-02,8.369330831167498541e-01
7.418822237379091966e+00,6.375000000000000111e-02,1.074723772178224790e+00
7.637022891419653625e+00,6.562500000000001665e-02,1.206674483202393455e+00
7.855223545460215284e+00,6.750000000000000444e-02,1.237773210233977128e+00
8.073424199500776055e+00,6.937500000000000611e-02,1.270305642763323695e+00
8.291624853541337714e+00,7.124999999999999389e-02,1.390796899580066137e+00
8.509825507581899373e+00,7.312499999999999556e-02,1.558724164680030055e+00
8.728026161622461032e+00,7.499999999999999722e-02,1.655381470805942223e+00
8.946226815663022691e+00,7.687500000000001277e-02,1.679936725613528914e+00
9.164427469703584350e+00,7.875000000000000056e-02,1.744423907278520369e+00
9.382628123744146009e+00,8.062500000000000222e-02,1.871495884886434036e+00
9.600828777784707668e+00,8.250000000000000389e-02,1.975564635445510531e+00
9.819029431825269327e+00,8.437500000000000555e-02,2.016653834961786629e+00
1.003723008586583099e+01,8.625000000000002109e-02,2.069396425508860826e+00
1.025543073990639265e+01,8.812500000000002276e-02,2.181250649895231764e+00
1.047363139394695430e+01,9.000000000000003830e-02,2.272150953386409267e+00
1.069183204798751596e+01,9.187500000000001221e-02,2.311409930774040777e+00
1.091003270202807762e+01,9.375000000000002776e-02,2.378368008113684873e+00
1.112823335606863928e+01,9.562500000000002942e-02,2.479805502016809715e+00
1.134643401010920094e+01,9.750000000000003109e-02,2.549859897785189400e+00
1.156463466414976260e+01,9.937500000000004663e-02,2.596096113600625088e+00
1.178283531819032426e+01,1.012500000000000205e-01,2.673828012080746053e+00
1.200103597223088592e+01,1.031250000000000222e-01,2.764522764558781542e+00
1.221923662627144758e+01,1.050000000000000377e-01,2.818235983977452452e+00
1.243743728031200924e+01,1.068750000000000394e-01,2.874572064664767002e+00
1.265563793435257089e+01,1.087500000000000272e-01,2.964186511129877744e+00
1.287383858839313255e+01,1.106250000000000289e-01,3.031524481665636817e+00
1.309203924243369421e+01,1.125000000000000028e-01,3.082128738460267581e+00
1.331023989647425587e+01,1.143750000000000322e-01,3.159055947707508860e+00
1.352844055051481753e+01,1.162500000000000200e-01,3.235525269369397883e+00
1.374664120455537919e+01,1.181250000000000216e-01,3.290004862883060710e+00
1.396484185859594085e+01,1.200000000000000233e-01,3.353957807511428246e+00
1.418304251263650251e+01,1.218750000000000111e-01,3.434167987494073149e+00
1.440124316667706417e+01,1.237500000000000266e-01,3.493567653446325139e+00
1.461944382071762583e+01,1.256250000000000422e-01,3.550541073855205010e+00
1.483764447475818749e+01,1.275000000000000300e-01,3.629513281880951681e+00
1.505584512879874914e+01,1.293750000000000178e-01,3.692534318014910610e+00
1.527404578283931080e+01,1.312500000000000333e-01,3.748060158655456942e+00
1.549224643687987246e+01,1.331250000000000488e-01,3.822362477499519962e+00
1.571044709092043412e+01,1.350000000000000089e-01,3.888656644646474092e+00
1.592864774496099578e+01,1.368750000000000244e-01,3.944644722010367754e+00
1.614684839900155566e+01,1.387500000000000400e-01,4.013703957747655870e+00
1.636504905304211732e+01,1.406250000000000278e-01,4.083213534945024037e+00
1.658324970708267898e+01,1.425000000000000433e-01,4.138796449493139740e+00
1.680145036112324064e+01,1.443750000000000311e-01,4.204911227993139988e+00
1.701965101516380230e+01,1.462500000000000189e-01,4.275913344947652739e+00
1.723785166920436396e+01,1.481250000000000344e-01,4.330730646273423190e+00
1.745605232324492562e+01,1.500000000000000500e-01,4.396392908094148844e+00
1.767425297728548728e+01,1.518750000000000655e-01,4.466087512841106388e+00
1.789245363132604894e+01,1.537500000000000255e-01,4.521969675272890399e+00
1.811065428536661059e+01,1.556250000000000411e-01,4.586735938485294817e+00
1.832885493940717225e+01,1.575000000000000566e-01,4.654846395950873905e+00
1.854705559344773391e+01,1.593750000000000444e-01,4.712575793349182085e+00
1.876525624748829557e+01,1.612500000000000600e-01,4.775195202186918841e+00
1.898345690152885723e+01,1.631250000000000477e-01,4.843643650029065384e+00
1.920165755556941889e+01,1.650000000000000355e-01,4.901185621980221896e+00
1.941985820960998055e+01,1.668750000000000511e-01,4.963063275275103159e+00
1.963805886365054221e+01,1.687500000000000389e-01,5.031851151608382366e+00
1.985625951769110387e+01,1.706250000000000822e-01,5.087850834118379240e+00
2.007446017173166553e+01,1.725000000000000977e-01,5.151228959513616701e+00
2.029266082577222718e+01,1.743750000000000577e-01,5.218082082449914338e+00
2.051086147981278884e+01,1.762500000000000733e-01,5.274321018326469712e+00
2.072906213385335050e+01,1.781250000000000611e-01,5.338308487799178437e+00
2.094726278789391216e+01,1.800000000000000766e-01,5.403201231014286954e+00
2.116546344193447382e+01,1.818750000000000921e-01,5.460655749979379969e+00
2.138366409597503548e+01,1.837500000000000799e-01,5.523555161825584925e+00
2.160186475001559714e+01,1.856250000000000955e-01,5.588666504996968598e+00
2.182006540405615880e+01,1.875000000000000555e-01,5.645153994221306704e+00
2.203826605809672046e+01,1.893750000000000711e-01,5.708754713038045381e+00
2.225646671213728212e+01,1.912500000000000866e-01,5.773144423579668505e+00
2.247466736617784377e+01,1.931250000000000744e-01,5.828530144937965396e+00
2.269286802021840543e+01,1.950000000000000899e-01,5.894150634607520978e+00
2.291106867425896709e+01,1.968750000000000777e-01,5.955606405413466753e+00
2.312926932829952875e+01,1.987500000000000933e-01,6.012496087657564381e+00
2.334746998234009041e+01,2.006250000000001088e-01,6.077882561390005378e+00
2.356567063638065207e+01,2.025000000000000966e-01,6.137758806155959590e+00
2.378387129042121373e+01,2.043750000000001121e-01,6.195969431201053368e+00
2.400207194446177539e+01,2.062500000000000722e-01,6.260335169017107404e+00
2.422027259850233705e+01,2.081250000000000877e-01,6.320047701893446224e+00
2.443847325254289871e+01,2.100000000000001033e-01,6.377897928196309962e+00
2.465667390658346037e+01,2.118750000000000910e-01,6.443061823044813785e+00
2.487487456062402202e+01,2.137500000000001066e-01,6.500785666555541908e+00
2.509307521466458368e+01,2.156250000000000944e-01,6.559893625259341832e+00
2.531127586870514534e+01,2.175000000000001099e-01,6.624930573525229072e+00
2.552947652274570700e+01,2.193750000000001255e-01,6.680430859942468658e+00
2.574767717678626866e+01,2.212500000000001132e-01,6.742412146074115320e+00
2.596587783082683032e+01,2.231250000000001288e-01,6.804696962239527913e+00
2.618407848486739198e+01,2.250000000000000611e-01,6.860828052470356653e+00
2.640227913890795364e+01,2.268750000000000766e-01,6.923512063435222075e+00
2.662047979294851530e+01,2.287500000000000921e-01,6.984024441667603611e+00
2.683868044698907696e+01,2.306250000000001077e-01,7.040980006688512205e+00
2.705688110102963861e+01,2.325000000000000955e-01,7.103461884955696526e+00
2.727508175507020027e+01,2.343750000000000555e-01,7.163396246523144661e+00
2.749328240911076193e+01,2.362500000000000711e-01,7.219840073610751752e+00
2.771148306315132359e+01,2.381250000000000866e-01,7.283779717533104048e+00
2.792968371719188525e+01,2.400000000000001021e-01,7.341048729936469286e+00
2.814788437123244691e+01,2.418750000000000899e-01,7.399248682865955828e+00
2.836608502527300857e+01,2.437500000000000777e-01,7.462912887193637879e+00
2.858428567931357023e+01,2.456250000000000933e-01,7.517933907625796941e+00
2.880248633335413189e+01,2.475000000000000533e-01,7.579199978322062492e+00
2.902068698739469355e+01,2.493750000000001243e-01,7.639881302825527243e+00
2.923888764143525520e+01,2.512500000000000844e-01,7.695865529148749218e+00
2.945708829547581686e+01,2.531250000000000999e-01,7.757532662302556226e+00
2.967528894951637852e+01,2.550000000000000600e-01,7.816734163310703032e+00
2.989348960355694018e+01,2.568750000000001310e-01,7.873327989386072367e+00
3.011169025759750184e+01,2.587500000000001465e-01,7.935100355164460773e+00
3.032989091163806350e+01,2.606250000000001066e-01,7.993306116246386317e+00
3.054809156567862516e+01,2.625000000000000666e-01,8.049917929386188220e+00
3.076629221971918682e+01,2.643750000000000822e-01,8.112855097963167950e+00
3.098449287375974848e+01,2.662500000000000977e-01,8.168158951993124361e+00
3.120269352780031014e+01,2.681250000000001132e-01,8.227521344422592975e+00
3.142089418184087179e+01,2.700000000000001288e-01,8.288726548378207326e+00
3.163909483588143345e+01,2.718750000000000888e-01,8.343176886952184290e+00
3.185729548992199511e+01,2.737500000000000488e-01,8.404951888475704180e+00
3.207549614396255322e+01,2.756250000000000644e-01,8.462878644520213101e+00
3.229369679800311133e+01,2.775000000000000799e-01,8.519303563036157101e+00
3.251189745204366943e+01,2.793749999999999845e-01,8.580470111952863022e+00
3.273009810608422754e+01,2.812500000000000000e-01,8.637398794523976520e+00
3.294829876012478564e+01,2.831249999999999600e-01,8.694605474863379868e+00
3.316649941416534375e+01,2.849999999999999201e-01,8.755584213550065442e+00
3.338470006820590186e+01,2.868749999999999356e-01,8.811310792379698498e+00
3.360290072224645996e+01,2.887499999999998956e-01,8.869604446589614000e+00
3.382110137628701807e+01,2.906249999999998557e-01,8.930218792712267373e+00
3.403930203032757618e+01,2.924999999999998157e-01,8.984203485866473216e+00
3.425750268436813428e+01,2.943749999999997757e-01,9.045350318318897465e+00
3.447570333840869239e+01,2.962499999999997358e-01,9.102680764159904570e+00
3.469390399244925050e+01,2.981249999999996958e-01,9.158238779692954523e+00
3.491210464648980860e+01,2.999999999999997113e-01,9.219689697035091669e+00
3.513030530053036671e+01,3.018749999999996714e-01,9.274590313980677792e+00
3.534850595457092481e+01,3.037499999999996314e-01,9.332777237065645437e+00
3.556670660861148292e+01,3.056249999999996469e-01,9.392185540740134897e+00
3.578490726265204103e+01,3.074999999999995515e-01,9.447258464802532174e+00
3.600310791669259913e+01,3.093749999999995670e-01,9.506110183611980347e+00
3.622130857073315724e+01,3.112499999999995826e-01,9.564521827372550078e+00
3.643950922477371535e+01,3.131249999999994871e-01,9.619307603077757562e+00
3.665770987881427345e+01,3.149999999999995026e-01,9.679297211909254628e+00
3.687591053285483156e+01,3.168749999999994627e-01,9.735908145749215592e+00
3.709411118689538966e+01,3.187499999999994227e-01,9.791298631078468873e+00
3.731231184093594777e+01,3.206249999999993827e-01,9.852161420807586723e+00
3.753051249497650588e+01,3.224999999999993427e-01,9.905937344902111974e+00
3.774871314901706398e+01,3.243749999999993028e-01,9.964405703916325407e+00
3.796691380305762209e+01,3.262499999999993183e-01,1.002286410633614722e+01
3.818511445709818020e+01,3.281249999999992784e-01,1.007676233242075270e+01
3.840331511113873830e+01,3.299999999999992384e-01,1.013675658259589873e+01
3.862151576517929641e+01,3.318749999999991984e-01,1.019249306593345850e+01
3.883971641921985452e+01,3.337499999999991585e-01,1.024835475605387103e+01
3.905791707326041262e+01,3.356249999999991185e-01,1.030745244994763077e+01
3.927611772730097073e+01,3.374999999999991340e-01,1.036252557827525322e+01
3.949431838134152883e+01,3.393749999999990385e-01,1.041912117713365404e+01
3.971251903538208694e+01,3.412499999999990541e-01,1.047792769817798231e+01
3.993071968942264505e+01,3.431249999999990696e-01,1.053178812850617341e+01
4.014892034346320315e+01,3.449999999999990297e-01,1.059007256376948725e+01
4.036712099750376126e+01,3.468749999999990452e-01,1.064730544479720109e+01
4.058532165154431937e+01,3.487499999999990052e-01,1.070094316684764557e+01
4.080352230558487747e+01,3.506249999999989098e-01,1.076105424816131695e+01
4.102172295962543558e+01,3.524999999999989253e-01,1.081497600734697606e+01
4.123992361366599368e+01,3.543749999999988853e-01,1.087148813639973000e+01
4.145812426770655179e+01,3.562499999999988454e-01,1.092992591256468593e+01
4.167632492174710990e+01,3.581249999999988609e-01,1.098325298215907253e+01
4.189452557578766800e+01,3.599999999999988765e-01,1.104156308752491178e+01
4.211272622982822611e+01,3.618749999999987810e-01,1.109766644975148253e+01
4.233092688386878422e+01,3.637499999999987410e-01,1.115218809628709806e+01
4.254912753790934232e+01,3.656249999999987566e-01,1.121032611771269139e+01
4.276732819194990043e+01,3.674999999999987166e-01,1.126554886607875439e+01
4.298552884599045854e+01,3.693749999999986211e-01,1.132045415840633673e+01
4.320372950003101664e+01,3.712499999999986366e-01,1.137902299854878407e+01
4.342193015407157475e+01,3.731249999999985967e-01,1.143241626430092062e+01
4.364013080811213285e+01,3.749999999999986122e-01,1.148922763158685534e+01
4.385833146215269096e+01,3.768749999999985723e-01,1.154651758646380344e+01
4.407653211619324907e+01,3.787499999999984768e-01,1.159916958969341394e+01
4.429473277023380717e+01,3.806249999999984923e-01,1.165822726560392475e+01
4.451293342427436528e+01,3.824999999999984523e-01,1.171220791312255116e+01
4.473113407831492339e+01,3.843749999999984679e-01,1.176736073065862875e+01
4.494933473235548149e+01,3.862499999999984279e-01,1.182528791195879414e+01
4.516753538639603960e+01,3.881249999999983324e-01,1.187835800094202199e+01
4.538573604043659770e+01,3.899999999999983480e-01,1.193523639452717511e+01
4.560393669447715581e+01,3.918749999999983080e-01,1.199130369579348709e+01
4.582213734851771392e+01,3.937499999999982125e-01,1.204501399094369951e+01
4.604033800255827202e+01,3.956249999999982836e-01,1.210207911864844021e+01
4.625853865659883013e+01,3.974999999999982991e-01,1.215735673340879508e+01
4.647673931063938824e+01,3.993749999999982037e-01,1.221101306354372618e+01
4.669493996467994634e+01,4.012499999999981637e-01,1.226909830633242215e+01
4.691314061872050445e+01,4.031249999999981792e-01,1.232216252200030837e+01
4.713134127276106256e+01,4.049999999999980838e-01,1.237779322387195613e+01
4.734954192680162066e+01,4.068749999999980438e-01,1.243485809251646046e+01
4.756774258084217877e+01,4.087499999999980593e-01,1.248687306748802506e+01
4.778594323488273687e+01,4.106249999999980194e-01,1.254492630086188143e+01
4.800414388892329498e+01,4.124999999999980349e-01,1.259881013267582794e+01
4.822234454296385309e+01,4.143749999999979394e-01,1.265304149018158064e+01
4.844054519700441119e+01,4.162499999999978995e-01,1.271023848801911527e+01
4.865874585104496930e+01,4.181249999999979150e-01,1.276323438506211083e+01
4.887694650508552741e+01,4.199999999999978750e-01,1.281885761015104563e+01
4.909514715912608551e+01,4.218749999999977796e-01,1.287478328986948561e+01
4.931334781316664362e+01,4.237499999999977951e-01,1.292789066170156786e+01
4.953154846720720172e+01,4.256249999999978106e-01,1.298399554355397889e+01
4.974974912124775983e+01,4.274999999999977707e-01,1.303923098001921055e+01
4.996794977528831794e+01,4.293749999999977307e-01,1.309195294700257151e+01
5.018615042932887604e+01,4.312499999999977462e-01,1.314948653155965097e+01
5.040435108336943415e+01,4.331249999999976508e-01,1.320230106627083089e+01
5.062255173740999226e+01,4.349999999999976663e-01,1.325699515499269232e+01
5.084075239145055036e+01,4.368749999999976263e-01,1.331369579411069104e+01
5.105895304549110847e+01,4.387499999999975864e-01,1.336535110215691979e+01
5.127715369953166658e+01,4.406249999999976019e-01,1.342240388436718845e+01
5.149535435357222468e+01,4.424999999999975064e-01,1.347626131855853160e+01
5.171355500761278279e+01,4.443749999999974665e-01,1.352972268019867208e+01
5.193175566165334089e+01,4.462499999999974820e-01,1.358625602710917946e+01
5.214995631569389900e+01,4.481249999999973310e-01,1.363920752272902348e+01
5.236815696973445711e+01,4.499999999999973466e-01,1.369380874079634403e+01
5.258635762377501521e+01,4.518749999999973066e-01,1.374952317928578083e+01
5.280455827781557332e+01,4.537499999999972666e-01,1.380223401626561852e+01
5.302275893185613143e+01,4.556249999999972822e-01,1.385746101117807250e+01
5.324095958589668953e+01,4.574999999999971867e-01,1.391265779809130798e+01
5.345916023993724764e+01,4.593749999999971467e-01,1.396469764936812297e+01
5.367736089397780574e+01,4.612499999999971623e-01,1.402161633686924525e+01
5.389556154801836385e+01,4.631249999999971778e-01,1.407439354075652105e+01
5.411376220205892196e+01,4.649999999999971378e-01,1.412819592349427111e+01
5.433196285609948006e+01,4.668749999999970424e-01,1.418464306163847688e+01
5.455016351014003817e+01,4.687499999999970579e-01,1.423602840679784087e+01
5.476836416418059628e+01,4.706249999999970179e-01,1.429222545198703287e+01
5.498656481822115438e+01,4.724999999999969780e-01,1.434606740344984033e+01
5.520476547226171249e+01,4.743749999999969935e-01,1.439897736563700725e+01
5.542296612630227060e+01,4.762499999999968980e-01,1.445484763945022166e+01
5.564116678034282870e+01,4.781249999999969136e-01,1.450790334329994913e+01
5.585936743438338681e+01,4.799999999999968736e-01,1.456161797782947609e+01
5.607756808842394491e+01,4.818749999999968336e-01,1.461713024315927711e+01
5.629576874246450302e+01,4.837499999999968492e-01,1.466966880929625283e+01
5.651396939650506113e+01,4.856249999999968647e-01,1.472403095658122751e+01
5.673217005054561923e+01,4.874999999999967137e-01,1.477932957440138217e+01
5.695037070458617734e+01,4.893749999999967293e-01,1.483081947090147246e+01
5.716857135862673545e+01,4.912499999999967448e-01,1.488718319596265260e+01
5.738677201266729355e+01,4.931249999999967049e-01,1.494005203870566234e+01
5.760497266670785166e+01,4.949999999999966094e-01,1.499311945840772253e+01
5.782317332074840976e+01,4.968749999999966249e-01,1.504930348003854412e+01
5.804137397478896787e+01,4.987499999999965850e-01,1.510068879033098987e+01
5.825957462882952598e+01,5.006249999999965450e-01,1.515599708334120521e+01
5.847777528287008408e+01,5.024999999999965050e-01,1.521002176892745616e+01
5.869597593691064219e+01,5.043749999999965761e-01,1.526247369742005766e+01
5.891417659095120030e+01,5.062499999999965361e-01,1.531778132597321829e+01
5.913237724499175840e+01,5.081249999999963851e-01,1.537104646632008453e+01
5.935057789903231651e+01,5.099999999999964562e-01,1.542406172686505350e+01
5.956877855307287462e+01,5.118749999999964162e-01,1.547935491701337973e+01
5.978697920711343272e+01,5.137499999999963762e-01,1.553197981436836095e+01
6.000517986115399083e+01,5.156249999999963363e-01,1.558551659871560169e+01
6.022338051519454893e+01,5.174999999999962963e-01,1.564099249194149799e+01
6.044158116923510704e+01,5.193749999999962563e-01,1.569221603824149902e+01
6.065978182327566515e+01,5.212499999999962164e-01,1.574791265957690101e+01
6.087798247731622325e+01,5.231249999999961764e-01,1.580120530815844404e+01
6.109618313135678136e+01,5.249999999999961364e-01,1.585353269054082226e+01
6.131438378539733947e+01,5.268749999999962075e-01,1.590960384209710554e+01
6.153258443943789757e+01,5.287499999999961675e-01,1.596112955777536868e+01
6.175078509347845568e+01,5.306249999999961275e-01,1.601568459236496622e+01
6.196898574751901378e+01,5.324999999999959766e-01,1.606991853008345217e+01
6.218718640155957189e+01,5.343749999999960476e-01,1.612221084474218813e+01
6.240538705560013000e+01,5.362499999999960076e-01,1.617690004737854537e+01
6.262358770964068810e+01,5.381249999999959677e-01,1.623059871997511294e+01
6.284178836368124621e+01,5.399999999999959277e-01,1.628307883391217459e+01
6.305998901772180432e+01,5.418749999999958877e-01,1.633813078274766895e+01
6.327818967176236242e+01,5.437499999999958478e-01,1.639114119227916433e+01
6.349639032580292053e+01,5.456249999999958078e-01,1.644389799924058337e+01
6.371459097984347864e+01,5.474999999999957678e-01,1.649961826544130261e+01
6.393279163388403674e+01,5.493749999999957279e-01,1.655088761085156079e+01
6.415099228792459485e+01,5.512499999999957989e-01,1.660585235873336174e+01
6.436919294196515295e+01,5.531249999999956479e-01,1.665979391336065163e+01
6.458739359600571106e+01,5.549999999999956080e-01,1.671158746174217669e+01
6.480559425004626917e+01,5.568749999999956790e-01,1.676747465981068430e+01
6.502379490408682727e+01,5.587499999999956390e-01,1.681950475779983023e+01
6.524199555812738538e+01,5.606249999999955991e-01,1.687330512806365235e+01
6.546019621216794349e+01,5.624999999999956701e-01,1.692788134585812188e+01
6.567839686620850159e+01,5.643749999999955191e-01,1.698024558444086196e+01
6.589659752024905970e+01,5.662499999999954792e-01,1.703438934212952560e+01
6.611479817428961780e+01,5.681249999999955502e-01,1.708858863456376298e+01
6.633299882833017591e+01,5.699999999999955103e-01,1.714090586386724269e+01
6.655119948237073402e+01,5.718749999999953593e-01,1.719555531862405573e+01
6.676940013641129212e+01,5.737499999999954303e-01,1.724931148935306524e+01
6.698760079045185023e+01,5.756249999999953904e-01,1.730142374327608223e+01
6.720580144449240834e+01,5.774999999999953504e-01,1.735731147102326943e+01
6.742400209853296644e+01,5.793749999999954214e-01,1.740911108914504979e+01
6.764220275257352455e+01,5.812499999999953815e-01,1.746320768431771953e+01
6.786040340661408266e+01,5.831249999999952305e-01,1.751802886005878435e+01
6.807860406065464076e+01,5.849999999999953015e-01,1.756956959655553518e+01
6.829680471469519887e+01,5.868749999999952616e-01,1.762518251130874347e+01
6.851500536873575697e+01,5.887499999999952216e-01,1.767804068221310487e+01
6.873320602277631508e+01,5.906249999999951816e-01,1.773124586363849886e+01
6.895140667681687319e+01,5.924999999999951417e-01,1.778613671761823056e+01
6.916960733085743129e+01,5.943749999999951017e-01,1.783893716029429299e+01
6.938780798489798940e+01,5.962499999999950617e-01,1.789261873389931168e+01
6.960600863893854751e+01,5.981249999999950218e-01,1.794731063664282544e+01
6.982420929297910561e+01,5.999999999999949818e-01,1.799995462553587799e+01
7.004240994701966372e+01,6.018749999999950528e-01,1.805404209747944577e+01
7.026061060106022182e+01,6.037499999999949019e-01,1.810879544361270277e+01
7.047881125510077993e+01,6.056249999999948619e-01,1.816064101008624831e+01
7.069701190914133804e+01,6.074999999999949329e-01,1.821641412017472916e+01
7.091521256318189614e+01,6.093749999999948930e-01,1.826934590404762560e+01
7.113341321722245425e+01,6.112499999999948530e-01,1.832252396898393343e+01
7.135161387126301236e+01,6.131249999999948130e-01,1.837827825872983567e+01
7.156981452530357046e+01,6.149999999999947731e-01,1.843006562975105211e+01
7.178801517934412857e+01,6.168749999999947331e-01,1.848523525486921670e+01
7.200621583338468668e+01,6.187499999999946931e-01,1.853921192153660158e+01
7.222441648742524478e+01,6.206249999999946532e-01,1.859213486003429949e+01
7.244261714146580289e+01,6.224999999999946132e-01,1.864722708990620959e+01
7.266081779550636099e+01,6.243749999999946843e-01,1.870081874690615464e+01
7.287901844954691910e+01,6.262499999999945333e-01,1.875430040795487230e+01
7.309721910358747721e+01,6.281249999999944933e-01,1.880929726869971219e+01
7.331541975762803531e+01,6.299999999999945643e-01,1.886286970257220474e+01
7.353362041166859342e+01,6.318749999999945244e-01,1.891635319864061771e+01
7.375182106570915153e+01,6.337499999999943734e-01,1.897211048546618528e+01
7.397002171974970963e+01,6.356249999999945555e-01,1.902437357548042129e+01
7.418822237379026774e+01,6.374999999999944045e-01,1.907962968350916810e+01
7.440642302783082584e+01,6.393749999999943645e-01,1.913420752774777611e+01
7.462462368187138395e+01,6.412499999999944356e-01,1.918675022361879101e+01
7.484282433591194206e+01,6.431249999999943956e-01,1.924314948775440115e+01
7.506102498995250016e+01,6.449999999999942446e-01,1.929593076641739202e+01
7.527922564399305827e+01,6.468749999999943157e-01,1.935050800550894934e+01
7.549742629803361638e+01,6.487499999999942757e-01,1.940573681229297520e+01
7.571562695207417448e+01,6.506249999999942357e-01,1.945891388737058492e+01
7.593382760611473259e+01,6.524999999999943068e-01,1.951403768533669236e+01
7.615202826015529070e+01,6.543749999999941558e-01,1.956871226577643341e+01
7.637022891419584880e+01,6.562499999999941158e-01,1.962242021795361424e+01
7.658842956823640691e+01,6.581249999999940758e-01,1.967754125779520535e+01
7.680663022227696501e+01,6.599999999999941469e-01,1.973242298824171570e+01
7.702483087631752312e+01,6.618749999999941069e-01,1.978576348842875277e+01
7.724303153035808123e+01,6.637499999999939559e-01,1.984202613913623736e+01
7.746123218439863933e+01,6.656249999999940270e-01,1.989574175341661189e+01
7.767943283843919744e+01,6.674999999999939870e-01,1.995014242452468523e+01
7.789763349247975555e+01,6.693749999999939471e-01,2.000652457424614994e+01
7.811583414652031365e+01,6.712499999999939071e-01,2.005925609621051819e+01
7.833403480056087176e+01,6.731249999999938671e-01,2.011565003129710760e+01
7.855223545460142986e+01,6.749999999999938272e-01,2.017029866358240753e+01
7.877043610864198797e+01,6.768749999999937872e-01,2.022431105778275651e+01
7.898863676268254608e+01,6.787499999999937472e-01,2.028075322313171469e+01
7.920683741672310418e+01,6.806249999999937073e-01,2.033477816288345608e+01
7.942503807076366229e+01,6.824999999999937783e-01,2.039001593036377002e+01
7.964323872480422040e+01,6.843749999999936273e-01,2.044573325880955394e+01
7.986143937884477850e+01,6.862499999999935874e-01,2.050038018563228093e+01
8.007964003288533661e+01,6.881249999999936584e-01,2.055551752937718391e+01
8.029784068692589472e+01,6.899999999999936184e-01,2.061177682695133484e+01
8.051604134096645282e+01,6.918749999999935785e-01,2.066588937342442733e+01
8.073424199500701093e+01,6.937499999999936495e-01,2.072200710552107950e+01
8.095244264904756903e+01,6.956249999999936096e-01,2.077797558976449821e+01
8.117064330308812714e+01,6.974999999999935696e-01,2.083188949607799145e+01
8.138884395712868525e+01,6.993749999999936406e-01,2.088948592764973000e+01
8.160704461116924335e+01,7.012499999999936007e-01,2.094377526434008985e+01
8.182524526520980146e+01,7.031249999999935607e-01,2.099955425529288533e+01
8.204344591925035957e+01,7.049999999999934097e-01,2.105649843122509068e+01
8.226164657329091767e+01,7.068749999999933697e-01,2.111068605947446741e+01
8.247984722733147578e+01,7.087499999999933298e-01,2.116781292883678134e+01
8.269804788137203388e+01,7.106249999999934008e-01,2.122352516583217152e+01
8.291624853541259199e+01,7.124999999999933609e-01,2.127902174734556695e+01
8.313444918945315010e+01,7.143749999999933209e-01,2.133580659952148650e+01
8.335264984349370820e+01,7.162499999999932809e-01,2.139183942471021282e+01
8.357085049753426631e+01,7.181249999999932410e-01,2.144751878154294999e+01
8.378905115157482442e+01,7.199999999999930900e-01,2.150467453150447028e+01
8.400725180561538252e+01,7.218749999999932720e-01,2.156071957670750550e+01
8.422545245965594063e+01,7.237499999999931211e-01,2.161652782317595367e+01
8.444365311369649874e+01,7.256249999999930811e-01,2.167461522892322634e+01
8.466185376773705684e+01,7.274999999999931521e-01,2.172955706348684046e+01
8.488005442177761495e+01,7.293749999999931122e-01,2.178714213609427119e+01
8.509825507581817305e+01,7.312499999999930722e-01,2.184436001572659336e+01
8.531645572985873116e+01,7.331249999999930322e-01,2.189967536665391989e+01
8.553465638389928927e+01,7.349999999999929923e-01,2.195844550560054032e+01
8.575285703793984737e+01,7.368749999999929523e-01,2.201430280325777744e+01
8.597105769198040548e+01,7.387499999999930234e-01,2.207146484494155558e+01
8.618925834602096359e+01,7.406249999999929834e-01,2.212951208445000262e+01
8.640745900006152169e+01,7.424999999999928324e-01,2.218579249249661345e+01
8.662565965410207980e+01,7.443749999999927924e-01,2.224366407694267522e+01
8.684386030814263790e+01,7.462499999999927525e-01,2.230136351748880941e+01
8.706206096218319601e+01,7.481249999999927125e-01,2.235839862159866698e+01
8.728026161622375412e+01,7.499999999999927836e-01,2.241624026491335897e+01
8.749846227026431222e+01,7.518749999999927436e-01,2.247458736737627305e+01
8.771666292430487033e+01,7.537499999999927036e-01,2.253129450214942509e+01
8.793486357834542844e+01,7.556249999999927747e-01,2.259026665546451795e+01
8.815306423238598654e+01,7.574999999999927347e-01,2.264822446302812153e+01
8.837126488642654465e+01,7.593749999999926947e-01,2.270531056442637663e+01
8.858946554046710276e+01,7.612499999999925437e-01,2.276542163117110462e+01
8.880766619450766086e+01,7.631249999999925038e-01,2.282212829976564450e+01
8.902586684854821897e+01,7.649999999999924638e-01,2.288128452804644652e+01
8.924406750258877707e+01,7.668749999999925349e-01,2.294050238245658946e+01
8.946226815662933518e+01,7.687499999999924949e-01,2.299778132928377161e+01
8.968046881066989329e+01,7.706249999999924549e-01,2.305801965092380001e+01
8.989866946471045139e+01,7.724999999999925260e-01,2.311630061465899644e+01
9.011687011875100950e+01,7.743749999999924860e-01,2.317518097960173762e+01
9.033507077279156761e+01,7.762499999999922240e-01,2.323496427312650425e+01
9.055327142683212571e+01,7.781249999999924061e-01,2.329394719557915394e+01
9.077147208087268382e+01,7.799999999999922551e-01,2.335312190628871676e+01
9.098967273491324192e+01,7.818749999999922151e-01,2.341334312867079248e+01
9.120787338895380003e+01,7.837499999999921751e-01,2.347264024988078290e+01
9.142607404299435814e+01,7.856249999999922462e-01,2.353209229879543685e+01
9.164427469703491624e+01,7.874999999999922062e-01,2.359326468265922827e+01
9.186247535107547435e+01,7.893749999999921663e-01,2.365194509217863583e+01
9.208067600511603246e+01,7.912499999999921263e-01,2.371300132254229354e+01
9.229887665915659056e+01,7.931249999999919753e-01,2.377378073651638957e+01
9.251707731319714867e+01,7.949999999999919353e-01,2.383285874339820865e+01
9.273527796723770678e+01,7.968749999999920064e-01,2.389533357545357362e+01
9.295347862127826488e+01,7.987499999999919664e-01,2.395499430986556888e+01
9.317167927531882299e+01,8.006249999999919265e-01,2.401601512016808471e+01
9.338987992935938109e+01,8.024999999999919975e-01,2.407813793943970637e+01
9.360808058339993920e+01,8.043749999999919575e-01,2.413817002086293684e+01
9.382628123744049731e+01,8.062499999999918066e-01,2.420047796518434424e+01
9.404448189148105541e+01,8.081249999999918776e-01,2.426203396313675498e+01
9.426268254552161352e+01,8.099999999999918376e-01,2.432344584083821104e+01
9.448088319956217163e+01,8.118749999999916866e-01,2.438570570032271689e+01
9.469908385360272973e+01,8.137499999999918687e-01,2.444810807772699590e+01
9.491728450764328784e+01,8.156249999999917177e-01,2.450976313966918951e+01
9.513548516168384594e+01,8.174999999999916778e-01,2.457281967654828847e+01
9.535368581572440405e+01,8.193749999999916378e-01,2.463571707616857509e+01
9.557188646976496216e+01,8.212499999999915978e-01,2.469750154169873824e+01
9.579008712380552026e+01,8.231249999999915579e-01,2.476212211397970364e+01
9.600828777784607837e+01,8.249999999999916289e-01,2.482427594510968660e+01
9.622648843188663648e+01,8.268749999999915890e-01,2.488776498988578822e+01
9.644468908592719458e+01,8.287499999999915490e-01,2.495261681418658384e+01
9.666288973996775269e+01,8.306249999999916200e-01,2.501477318101635205e+01
9.688109039400831080e+01,8.324999999999915801e-01,2.508023720895344866e+01
9.709929104804886890e+01,8.343749999999914291e-01,2.514422787815046689e+01
9.731749170208942701e+01,8.362499999999913891e-01,2.520804751020404311e+01
9.753569235612998511e+01,8.381249999999913491e-01,2.527398471878635533e+01
9.775389301017054322e+01,8.399999999999913092e-01,2.533810120707890690e+01
9.797209366421110133e+01,8.418749999999913802e-01,2.540350925302081109e+01
9.819029431825165943e+01,8.437499999999913403e-01,2.546931911773706148e+01
9.840849497229221754e+01,8.456249999999913003e-01,2.553470985325482090e+01
9.862669562633277565e+01,8.474999999999912603e-01,2.560052438280016673e+01
9.884489628037333375e+01,8.493749999999911093e-01,2.566732708193059409e+01
9.906309693441389186e+01,8.512499999999910694e-01,2.573327725538944222e+01
9.928129758845444996e+01,8.531249999999911404e-01,2.579989036010786307e+01
9.949949824249500807e+01,8.549999999999911005e-01,2.586788698209429072e+01
9.971769889653556618e+01,8.568749999999910605e-01,2.593375846186973277e+01
9.993589955057612428e+01,8.587499999999911315e-01,2.600236668484474123e+01
1.001541002046166824e+02,8.606249999999910916e-01,2.607027330456558190e+01
1.003723008586572405e+02,8.624999999999910516e-01,2.613723145502231660e+01
1.005905015126977986e+02,8.643749999999910116e-01,2.620743712615482934e+01
1.008087021667383567e+02,8.662499999999909717e-01,2.627487278919569391e+01
1.010269028207789148e+02,8.681249999999908207e-01,2.634421175608096988e+01
1.012451034748194729e+02,8.699999999999910028e-01,2.641447613783737580e+01
1.014633041288600310e+02,8.718749999999908518e-01,2.648289313735997297e+01
1.016815047829005891e+02,8.737499999999908118e-01,2.655398736557817330e+01
1.018997054369411472e+02,8.756249999999908828e-01,2.662418284890998521e+01
1.021179060909817053e+02,8.774999999999907319e-01,2.669459313409314660e+01
1.023361067450222635e+02,8.793749999999906919e-01,2.676619905353947360e+01
1.025543073990628216e+02,8.812499999999907629e-01,2.683768665514012852e+01
1.027725080531033797e+02,8.831249999999907230e-01,2.690921598098617906e+01
1.029907087071439378e+02,8.849999999999906830e-01,2.698189279526077300e+01
1.032089093611844959e+02,8.868749999999907541e-01,2.705477870068294166e+01
1.034271100152250540e+02,8.887499999999907141e-01,2.712703588451626402e+01
1.036453106692656121e+02,8.906249999999905631e-01,2.720171778460927214e+01
1.038635113233061702e+02,8.924999999999904121e-01,2.727506547952216565e+01
1.040817119773467283e+02,8.943749999999903721e-01,2.734908963866936560e+01
1.042999126313872864e+02,8.962499999999902212e-01,2.742535958128494400e+01
1.045181132854278445e+02,8.981249999999904032e-01,2.749912175511177992e+01
1.047363139394684026e+02,8.999999999999902522e-01,2.757587119972204093e+01
1.049545145935089607e+02,9.018749999999902123e-01,2.765258287054098219e+01
1.051727152475495188e+02,9.037499999999901723e-01,2.772805681281675660e+01
1.053909159015900769e+02,9.056249999999902434e-01,2.780707402628458524e+01
1.056091165556306350e+02,9.074999999999900924e-01,2.788406282990270668e+01
1.058273172096711932e+02,9.093749999999900524e-01,2.796248453319147487e+01
1.060455178637117513e+02,9.112499999999901235e-01,2.804240296353078676e+01
1.062637185177523094e+02,9.131249999999900835e-01,2.812121741189082158e+01
1.064819191717928675e+02,9.149999999999899325e-01,2.820187709342317106e+01
1.067001198258334256e+02,9.168749999999901146e-01,2.828301893414155188e+01
1.069183204798739837e+02,9.187499999999899636e-01,2.836430107467536388e+01
1.071365211339145418e+02,9.206249999999899236e-01,2.844652070133844290e+01
1.073547217879550999e+02,9.224999999999898836e-01,2.853004847180524450e+01
1.075729224419956580e+02,9.243749999999898437e-01,2.861314551941855200e+01
1.077911230960362161e+02,9.262499999999898037e-01,2.869768892184646347e+01
1.080093237500767742e+02,9.281249999999898748e-01,2.878369432290490337e+01
1.082275244041173323e+02,9.299999999999898348e-01,2.886849441084467571e+01
1.084457250581578904e+02,9.318749999999897948e-01,2.895634942717087057e+01
1.086639257121984485e+02,9.337499999999898659e-01,2.904419859202627308e+01
1.088821263662390066e+02,9.356249999999898259e-01,2.913165890065941710e+01
1.091003270202795647e+02,9.374999999999896749e-01,2.922299516450727452e+01
1.093185276743201229e+02,9.393749999999896350e-01,2.931240886470467899e+01
1.095367283283606810e+02,9.412499999999895950e-01,2.940399875240291294e+01
1.097549289824012391e+02,9.431249999999895550e-01,2.949790574397350795e+01
1.099731296364417972e+02,9.449999999999896261e-01,2.959011668059793365e+01
1.101913302904823553e+02,9.468749999999895861e-01,2.968613202994686517e+01
1.104095309445229134e+02,9.487499999999895461e-01,2.978234261026227969e+01
1.106277315985634715e+02,9.506249999999895062e-01,2.987899091311515321e+01
1.108459322526040296e+02,9.524999999999893552e-01,2.997870904217102961e+01
1.110641329066445877e+02,9.543749999999893152e-01,3.007855343461353215e+01
1.112823335606851458e+02,9.562499999999893863e-01,3.018000993543345700e+01
1.115005342147257039e+02,9.581249999999893463e-01,3.028364943482361227e+01
1.117187348687662620e+02,9.599999999999893063e-01,3.038854721052600993e+01
1.119369355228068201e+02,9.618749999999893774e-01,3.049464961591227663e+01
1.121551361768473782e+02,9.637499999999893374e-01,3.060374191459894178e+01
1.123733368308879363e+02,9.656249999999892975e-01,3.071406523383912912e+01
1.125915374849284945e+02,9.674999999999892575e-01,3.082584107322915301e+01
1.128097381389690526e+02,9.693749999999892175e-01,3.094167512759880267e+01
1.130279387930096107e+02,9.712499999999890665e-01,3.105803345527071002e+01
1.132461394470501688e+02,9.731249999999892486e-01,3.117725051288048377e+01
1.134643401010907269e+02,9.749999999999890976e-01,3.130101213629784240e+01
1.136825407551312850e+02,9.768749999999890576e-01,3.142466580611018401e+01
1.139007414091718431e+02,9.787499999999890177e-01,3.155395524694703724e+01
1.141189420632124012e+02,9.806249999999889777e-01,3.168658893679823763e+01
1.143371427172529593e+02,9.824999999999889377e-01,3.182083216673425241e+01
1.145553433712935174e+02,9.843749999999890088e-01,3.196267700193080330e+01
1.147735440253340755e+02,9.862499999999889688e-01,3.210704396481359169e+01
1.149917446793746336e+02,9.881249999999889289e-01,3.225706531863798432e+01
1.152099453334151917e+02,9.899999999999889999e-01,3.241517707781432023e+01
1.153190456604354779e+02,9.909374999999890354e-01,3.249567424129629245e+01
1.154281459874557640e+02,9.918749999999889599e-01,3.257733536951970876e+01
1.155372463144760502e+02,9.928124999999889955e-01,3.266199043589409712e+01
1.156463466414963364e+02,9.937499999999890310e-01,3.275006641823694054e+01
1.157554469685166225e+02,9.946874999999891775e-01,3.284016261788025304e+01
1.158645472955369087e+02,9.956249999999892131e-01,3.293219013069240475e+01
1.159736476225571948e+02,9.965624999999891376e-01,3.302766214034635084e+01
1.160827479495774810e+02,9.974999999999891731e-01,3.312833932123609770e+01
1.161918482765977672e+02,9.984374999999892086e-01,3.323268247176996226e+01
1.163009486036180533e+02,9.993749999999894662e-01,3.333872648775300007e+01
1.164100489306383395e+02,1.000312499999989280e+00,3.345041555629752850e+01
1.165191492576586256e+02,1.001249999999989315e+00,3.356832715740386419e+01
1.166282495846789118e+02,1.002187499999989351e+00,3.368859043096418304e+01
1.167373499116991979e+02,1.003124999999989608e+00,3.381157072928538554e+01
1.168464502387194841e+02,1.004062499999989644e+00,3.393916701574989503e+01
1.169555505657397703e+02,1.004999999999989457e+00,3.407129420258392827e+01
1.170646508927600564e+02,1.005937499999989715e+00,3.420424046252875883e+01
1.171737512197803426e+02,1.006874999999989750e+00,3.433931404872677717e+01
1.172828515468006287e+02,1.007812499999989786e+00,3.447783657424935200e+01
1.173919518738209149e+02,1.008749999999989821e+00,3.461878037491597837e+01
1.175010522008412011e+02,1.009687499999989857e+00,3.476228442075349534e+01
1.176101525278614872e+02,1.010624999999989893e+00,3.490654766732521352e+01
1.177192528548817734e+02,1.011562499999989928e+00,3.505424040651278972e+01
1.178283531819020595e+02,1.012499999999990186e+00,3.520599382902420160e+01
1.179374535089223457e+02,1.013437499999989999e+00,3.536011798513423798e+01
1.180465538359426318e+02,1.014374999999990035e+00,3.551598798507722421e+01
1.181556541629629180e+02,1.015312499999990292e+00,3.567612115428912034e+01
1.182647544899832042e+02,1.016249999999990106e+00,3.584239893040986402e+01
1.183738548170034903e+02,1.017187499999990363e+00,3.601109231716450410e+01
1.184829551440237765e+02,1.018124999999990177e+00,3.618321516066422561e+01
1.185920554710440626e+02,1.019062499999990212e+00,3.636244294628074414e+01
1.187011557980643488e+02,1.019999999999990470e+00,3.654798708325835577e+01
1.187557059615744919e+02,1.020468749999990266e+00,3.664250084966617038e+01
1.188102561250846350e+02,1.020937499999990283e+00,3.673810259112762111e+01
1.188648062885947780e+02,1.021406249999990301e+00,3.683422326187586293e+01
1.189193564521049211e+02,1.021874999999990541e+00,3.693226944936163392e+01
1.189739066156150642e+02,1.022343749999990559e+00,3.703366474151371079e+01
1.190284567791252073e+02,1.022812499999990354e+00,3.713708436875803187e+01
1.190830069426353504e+02,1.023281249999990372e+00,3.724313371572389997e+01
1.191375571061454934e+02,1.023749999999990390e+00,3.735187884587787721e+01
1.191921072696556365e+02,1.024218749999990630e+00,3.746118286538263220e+01
1.192466574331657796e+02,1.024687499999990647e+00,3.757226417014837239e+01
1.192739325149208440e+02,1.024921874999990656e+00,3.762917947156898890e+01
1.193012075966759085e+02,1.025156249999990665e+00,3.768671163850703465e+01
1.193284826784309729e+02,1.025390624999990674e+00,3.774504645843778405e+01
1.193557577601860373e+02,1.025624999999990461e+00,3.780437540423608311e+01
1.193830328419411018e+02,1.025859374999990470e+00,3.786441223045652293e+01
1.194103079236961662e+02,1.026093749999990257e+00,3.792578671930422018e+01
1.194375830054512306e+02,1.026328124999990266e+00,3.798841659801884418e+01
1.194648580872062951e+02,1.026562499999990274e+00,3.805111925141891760e+01
1.194784956280838344e+02,1.026679687499990168e+00,3.808255619527059821e+01
1.194921331689613737e+02,1.026796874999990283e+00,3.811439648209297815e+01
1.195057707098389130e+02,1.026914062499990177e+00,3.814661736782926482e+01
1.195194082507164524e+02,1.027031249999990292e+00,3.817910854348410510e+01
1.195330457915939917e+02,1.027148437499990408e+00,3.821183403494884345e+01
1.195466833324715310e+02,1.027265624999990301e+00,3.824482202343074277e+01
1.195603208733490703e+02,1.027382812499990417e+00,3.827801170699473232e+01
1.195739584142266096e+02,1.027499999999990310e+00,3.831121951037114570e+01
1.195875959551041490e+02,1.027617187499990425e+00,3.834464183290458550e+01
1.196012334959816883e+02,1.027734374999990763e+00,3.837864701683829338e+01
1.196148710368592276e+02,1.027851562499990434e+00,3.841326770302909921e+01
1.196285085777367669e+02,1.027968749999990772e+00,3.844846197798737109e+01
1.196421461186143063e+02,1.028085937499990665e+00,3.848442780197898827e+01
1.196557836594918456e+02,1.028203124999990781e+00,3.852159314805734880e+01
1.196694212003693849e+02,1.028320312499990896e+00,3.856038320771953920e+01
1.196830587412469242e+02,1.028437499999990790e+00,3.860204714599210263e+01
1.196966962821244636e+02,1.028554687499990905e+00,3.864885800317073716e+01
1.197103338230020029e+02,1.028671874999990798e+00,3.870222618158889105e+01
1.197239713638795422e+02,1.028789062499990914e+00,3.875992582823411681e+01
1.197376089047570815e+02,1.028906249999990807e+00,3.881539306061399230e+01
1.197512464456346208e+02,1.029023437499990923e+00,3.886282967578900127e+01
1.197648839865121602e+02,1.029140624999991038e+00,3.890357356047039872e+01
1.197785215273896995e+02,1.029257812499991154e+00,3.894484939753654373e+01
1.197921590682672388e+02,1.029374999999991047e+00,3.899021789341169608e+01
1.198057966091447781e+02,1.029492187499991163e+00,3.903584862009041956e+01
1.198194341500223175e+02,1.029609374999991056e+00,3.907879397886335937e+01
1.198330716908998568e+02,1.029726562499991172e+00,3.912227793422088240e+01
1.198467092317773961e+02,1.029843749999991287e+00,3.916909952585523058e+01
1.198603467726549354e+02,1.029960937499991180e+00,3.921524505414831907e+01
1.198739843135324747e+02,1.030078124999991296e+00,3.925591178353227662e+01
1.198876218544100141e+02,1.030195312499991411e+00,3.929322313164155389e+01
1.199012593952875534e+02,1.030312499999991305e+00,3.933330354090998782e+01
1.199148969361650927e+02,1.030429687499991420e+00,3.937923285788168215e+01
1.199285344770426320e+02,1.030546874999991536e+00,3.943029359896030428e+01
1.199421720179201714e+02,1.030664062499991429e+00,3.948481521860180266e+01
1.199558095587977107e+02,1.030781249999991545e+00,3.954000127793104724e+01
1.199694470996752500e+02,1.030898437499991438e+00,3.959196364264320067e+01
1.199830846405527893e+02,1.031015624999991553e+00,3.963947337346341726e+01
1.199967221814303286e+02,1.031132812499991669e+00,3.968557538558466291e+01
1.200103597223078680e+02,1.031249999999991562e+00,3.973344695796867398e+01
1.200239972631854073e+02,1.031367187499991678e+00,3.978339980838355672e+01
1.200376348040629466e+02,1.031484374999991571e+00,3.983511320755136609e+01
1.200512723449404859e+02,1.031601562499991909e+00,3.989047259509260357e+01
1.200649098858180253e+02,1.031718749999992024e+00,3.995078232959435383e+01
1.200785474266955646e+02,1.031835937499991918e+00,4.001335815054925860e+01
1.200921849675731039e+02,1.031953124999992033e+00,4.007436015236495308e+01
1.201058225084506432e+02,1.032070312499991926e+00,4.013411064090688285e+01
1.201194600493281825e+02,1.032187499999992042e+00,4.019717215302847535e+01
1.201330975902057219e+02,1.032304687499991935e+00,4.026642386970215881e+01
1.201467351310832612e+02,1.032421874999992051e+00,4.034068053884064398e+01
1.201603726719608005e+02,1.032539062499992166e+00,4.041860630424209688e+01
1.201740102128383398e+02,1.032656249999992060e+00,4.050097467502371984e+01
1.201876477537158792e+02,1.032773437499992175e+00,4.058741975106931221e+01
1.202012852945934185e+02,1.032890624999992069e+00,4.067339598443925297e+01
1.202149228354709578e+02,1.033007812499992184e+00,4.075332719950376514e+01
1.202285603763484971e+02,1.033124999999992299e+00,4.082629045488664588e+01
1.202421979172260365e+02,1.033242187499992193e+00,4.089593840109630207e+01
1.202558354581035758e+02,1.033359374999992308e+00,4.096495844206665282e+01
1.202694729989811151e+02,1.033476562499992424e+00,4.103158139374197333e+01
1.202831105398586544e+02,1.033593749999992317e+00,4.109370941579119574e+01
1.202967480807361937e+02,1.033710937499992433e+00,4.115348305605034085e+01
1.203103856216137331e+02,1.033828124999992326e+00,4.121374914567156367e+01
1.203240231624912724e+02,1.033945312499992442e+00,4.127293683831116056e+01
1.203376607033688117e+02,1.034062499999992557e+00,4.132757267185600369e+01
1.203512982442463510e+02,1.034179687499992450e+00,4.137926895574733521e+01
1.203649357851238904e+02,1.034296874999992566e+00,4.143402822016891207e+01
1.203785733260014297e+02,1.034414062499992681e+00,4.149551109241375002e+01
1.203922108668789690e+02,1.034531249999992797e+00,4.156339379333162043e+01
1.204058484077565083e+02,1.034648437499992690e+00,4.163708922384431332e+01
1.204194859486340476e+02,1.034765624999992806e+00,4.171625537950528440e+01
1.204331234895115870e+02,1.034882812499992699e+00,4.179708154723341806e+01
1.204467610303891263e+02,1.034999999999992815e+00,4.187515722437034071e+01
1.204603985712666656e+02,1.035117187499992930e+00,4.195203844597276088e+01
1.204740361121442049e+02,1.035234374999992824e+00,4.203285039757609809e+01
1.204876736530217443e+02,1.035351562499993161e+00,4.211820795323065880e+01
1.205013111938992836e+02,1.035468749999992832e+00,4.220365767632502951e+01
1.205149487347768229e+02,1.035585937499993170e+00,4.228833577638507535e+01
1.205285862756543622e+02,1.035703124999992841e+00,4.237690430085219617e+01
1.205422238165319015e+02,1.035820312499993179e+00,4.247101926068150846e+01
1.205558613574094409e+02,1.035937499999993294e+00,4.256527687486625666e+01
1.205694988982869802e+02,1.036054687499993188e+00,4.265421756019388511e+01
1.205831364391645195e+02,1.036171874999993303e+00,4.273989429702663045e+01
1.205967739800420588e+02,1.036289062499993197e+00,4.282950636649668041e+01
1.206104115209195982e+02,1.036406249999993312e+00,4.292696746806330310e+01
1.206240490617971375e+02,1.036523437499993427e+00,4.303013203082601734e+01
1.206376866026746768e+02,1.036640624999993321e+00,4.313558960096953143e+01
1.206513241435522161e+02,1.036757812499993436e+00,4.324191923619427058e+01
1.206649616844297555e+02,1.036874999999993330e+00,4.334889238211090401e+01
1.206785992253072948e+02,1.036992187499993445e+00,4.345634428302798113e+01
1.206922367661848341e+02,1.037109374999993561e+00,4.356476379531795828e+01
1.207058743070623734e+02,1.037226562499993454e+00,4.367406963821316168e+01
1.207195118479399127e+02,1.037343749999993570e+00,4.378285764396073176e+01
1.207331493888174521e+02,1.037460937499993463e+00,4.389168068231744968e+01
1.207467869296949914e+02,1.037578124999993578e+00,4.400509200553710087e+01
1.207604244705725307e+02,1.037695312499993694e+00,4.412785596184408377e+01
1.207740620114500700e+02,1.037812499999993587e+00,4.425888178825296393e+01
1.207876995523276094e+02,1.037929687499993703e+00,4.439280904763962354e+01
1.208013370932051487e+02,1.038046874999993596e+00,4.452799904830299482e+01
1.208149746340826880e+02,1.038164062499993712e+00,4.466886527771628579e+01
1.208286121749602273e+02,1.038281249999993827e+00,4.482038107183325337e+01
1.208422497158377666e+02,1.038398437499993721e+00,4.498386231411701175e+01
1.208558872567153060e+02,1.038515624999994058e+00,4.515885136521142584e+01
1.208695247975928453e+02,1.038632812499993952e+00,4.534651793967284306e+01
1.208831623384703846e+02,1.038749999999994067e+00,4.554847810002265618e+01
1.208967998793479239e+02,1.038867187499993960e+00,4.576424838210051860e+01
1.209104374202254633e+02,1.038984374999994076e+00,4.599192823155502907e+01
1.209240749611030026e+02,1.039101562499994191e+00,4.623049782280254050e+01
1.209377125019805419e+02,1.039218749999994085e+00,4.648010848521348493e+01
1.209513500428580812e+02,1.039335937499994200e+00,4.674070266046382471e+01
1.209649875837356205e+02,1.039453124999994094e+00,4.701294735875057995e+01
1.209718063541743902e+02,1.039511718749994262e+00,4.715422049115257153e+01
1.209786251246131599e+02,1.039570312499994431e+00,4.730001718745440797e+01
1.209820345098325447e+02,1.039599609374994404e+00,4.737486858996523864e+01
1.209854438950519295e+02,1.039628906249994378e+00,4.745116530752579109e+01
1.209888532802713144e+02,1.039658203124994351e+00,4.752893688110178516e+01
1.209922626654906992e+02,1.039687499999994102e+00,4.760813284408214230e+01
1.209939673581003916e+02,1.039702148437494200e+00,4.764824476891024574e+01
1.209956720507100840e+02,1.039716796874994298e+00,4.768869930214763286e+01
1.209965243970149231e+02,1.039724121093744236e+00,4.770905937972349165e+01
1.209973767433197622e+02,1.039731445312494174e+00,4.772951197237061649e+01
1.209982290896246013e+02,1.039738769531244111e+00,4.775005810048542543e+01
1.209986552627770209e+02,1.039742431640619191e+00,4.776036593418525200e+01
1.209990814359294404e+02,1.039746093749994049e+00,4.777069640382486426e+01
1.209992945225056502e+02,1.039747924804681478e+00,4.777587000049598487e+01
1.209995076090818600e+02,1.039749755859369129e+00,4.778104905962252502e+01
1.209997206956580698e+02,1.039751586914056558e+00,4.778623341647558931e+01
