0.000000000000000000e+00,0.000000000000000000e+00,0.000000000000000000e+00,0.000000000000000000e+00,0.000000000000000000e+00
1.250000000000000000e+01,2.852296131249169875e+01,-1.530809570306923838e-05,-9.319032809925161526e-06,2.784286853409033294e-04
2.500000000000000000e+01,5.704592262498339750e+01,-6.271097793594039875e-05,-3.727628618315033182e-05,1.117459838109068591e-03
3.750000000000000000e+01,8.556888393747509269e+01,-1.446360162125696056e-04,-8.387021717022163361e-05,2.522544631473741614e-03
5.000000000000000000e+01,1.140918452499667950e+02,-2.627232681852013398e-04,-1.490972812058974340e-04,4.496603900078648824e-03
6.250000000000000000e+01,1.426148065624584831e+02,-4.182117340925865616e-04,-2.329538854077783082e-04,7.042006283181610066e-03
7.500000000000000000e+01,1.711377678749501854e+02,-6.121112903770402651e-04,-3.354366432293225532e-04,1.016114511927459704e-02
8.750000000000000000e+01,1.996607291874418877e+02,-8.452924567285257512e-04,-4.565423264377517151e-04,1.385665690008921688e-02
1.000000000000000000e+02,2.281836904999335900e+02,-1.118536036770064260e-03,-5.962677783155883454e-04,1.813151916372441469e-02
1.125000000000000000e+02,2.567066518124252639e+02,-1.432562230573930897e-03,-7.546098383662107074e-04,2.298910459961911457e-02
1.250000000000000000e+02,2.852296131249169662e+02,-1.788049044354663060e-03,-9.315652879499374157e-04,2.843321795089149076e-02
1.375000000000000000e+02,3.137525744374086685e+02,-2.185644981571220613e-03,-1.127130806707693327e-03,3.446812523652551669e-02
1.500000000000000000e+02,3.422755357499003708e+02,-2.625978577056411068e-03,-1.341302939062161094e-03,4.109857890309315254e-02
1.625000000000000000e+02,3.707984970623920731e+02,-3.109666096087985738e-03,-1.574078062409324042e-03,4.832984048324996673e-02
1.750000000000000000e+02,3.993214583748837754e+02,-3.637318106525570111e-03,-1.825452359521493500e-03,5.616770158012929226e-02
1.875000000000000000e+02,4.278444196873754777e+02,-4.209545304773653664e-03,-2.095421789187456359e-03,6.461850373001376546e-02
2.000000000000000000e+02,4.563673809998671800e+02,-4.826963823467551179e-03,-2.383982059034023531e-03,7.368915753110927280e-02
2.125000000000000000e+02,4.848903423123588823e+02,-5.490200154759186137e-03,-2.691128595394132531e-03,8.338716138700513758e-02
2.250000000000000000e+02,5.134133036248505277e+02,-6.199895788522184585e-03,-3.016856514547599892e-03,9.372062013856230500e-02
2.375000000000000000e+02,5.419362649373422300e+02,-6.956711631127745522e-03,-3.361160590375363803e-03,1.046982638244384617e-01
2.500000000000000000e+02,5.704592262498339323e+02,-7.761332266920881358e-03,-3.724035222850003747e-03,1.163294667754317946e-01
2.625000000000000000e+02,5.989821875623256346e+02,-8.614470106982978839e-03,-4.105474402389426049e-03,1.286242672264546472e-01
2.750000000000000000e+02,6.275051488748173369e+02,-9.516869474935222076e-03,-4.505471674480648024e-03,1.415933875816295928e-01
2.875000000000000000e+02,6.560281101873090392e+02,-1.046931066682393885e-02,-4.924020099557121534e-03,1.552482554770953649e-01
3.000000000000000000e+02,6.845510714998007415e+02,-1.147261403022996687e-02,-5.361112212483003757e-03,1.696010257295119672e-01
3.125000000000000000e+02,7.130740328122924439e+02,-1.252764409695970166e-02,-5.816739976556792487e-03,1.846646032715967556e-01
3.250000000000000000e+02,7.415969941247841462e+02,-1.363531381324321196e-02,-6.290894736323822227e-03,2.004526671282119699e-01
3.375000000000000000e+02,7.701199554372758485e+02,-1.479658890178537842e-02,-6.783567164015793897e-03,2.169796954861919480e-01
3.500000000000000000e+02,7.986429167497675508e+02,-1.601249240071499561e-02,-7.294747203812752996e-03,2.342609918808956082e-01
3.625000000000000000e+02,8.271658780622592531e+02,-1.728410941602316966e-02,-7.824424008649549789e-03,2.523127125074969834e-01
3.750000000000000000e+02,8.556888393747509554e+02,-1.861259213587499947e-02,-8.372585873613863638e-03,2.711518946394286811e-01
3.875000000000000000e+02,8.842118006872427713e+02,-1.999916514797146078e-02,-8.939220160535298054e-03,2.907964861008812685e-01
4.000000000000000000e+02,9.127347619997343600e+02,-2.144513111422168342e-02,-9.524313217636314749e-03,3.112653757328951443e-01
4.125000000000000000e+02,9.412577233122259486e+02,-2.295187685121624979e-02,-1.012785028865332074e-02,3.325784247267099536e-01
4.250000000000000000e+02,9.697806846247177646e+02,-2.452087987968804006e-02,-1.074981541508793041e-02,3.547564986822613342e-01
4.375000000000000000e+02,9.983036459372093532e+02,-2.615371550218197408e-02,-1.139019132572561578e-02,3.778215001877204271e-01
4.500000000000000000e+02,1.026826607249701055e+03,-2.785206448492931128e-02,-1.204895931679887330e-02,4.017964016521591297e-01
4.625000000000000000e+02,1.055349568562192871e+03,-2.961772141831602728e-02,-1.272609911658295276e-02,4.267052780610477991e-01
4.750000000000000000e+02,1.083872529874684460e+03,-3.145260384984430169e-02,-1.342158873739653611e-02,4.525733392282927925e-01
4.875000000000000000e+02,1.112395491187176276e+03,-3.335876228507769770e-02,-1.413540430832609628e-02,4.794269610208736765e-01
5.000000000000000000e+02,1.140918452499667865e+03,-3.533839117528870394e-02,-1.486751989109968281e-02,5.072937148719243172e-01
5.125000000000000000e+02,1.169441413812159453e+03,-3.739384101649195769e-02,-1.561790727178864746e-02,5.362023947835355964e-01
5.250000000000000000e+02,1.197964375124651269e+03,-3.952763171291148042e-02,-1.638653572997436289e-02,5.661830407775845231e-01
5.375000000000000000e+02,1.226487336437143085e+03,-4.174246737003677044e-02,-1.717337177720105329e-02,5.972669575271869480e-01
5.500000000000000000e+02,1.255010297749634674e+03,-4.404125271802147856e-02,-1.797837886526451948e-02,6.294867265788157695e-01
5.625000000000000000e+02,1.283533259062126490e+03,-4.642711138689788880e-02,-1.880151705487903210e-02,6.628762102264881273e-01
5.750000000000000000e+02,1.312056220374618078e+03,-4.890340630109138442e-02,-1.964274264380800814e-02,6.974705445698129447e-01
5.875000000000000000e+02,1.340579181687109667e+03,-5.147376249376580531e-02,-2.050200774314951679e-02,7.333061187220653032e-01
6.000000000000000000e+02,1.369102142999601483e+03,-5.414209270251801182e-02,-2.137925979872868851e-02,7.704205363671515761e-01
6.125000000000000000e+02,1.397625104312093072e+03,-5.691262615898631111e-02,-2.227444104367094432e-02,8.088525548945888488e-01
6.250000000000000000e+02,1.426148065624584888e+03,-5.978994106770554179e-02,-2.318748787593182675e-02,8.486419961264957124e-01
6.375000000000000000e+02,1.454671026937076704e+03,-6.277900134711358882e-02,-2.411833014305739264e-02,8.898296210822156382e-01
6.500000000000000000e+02,1.483193988249568292e+03,-6.588519832056954906e-02,-2.506689032323283772e-02,9.324569592570912668e-01
6.625000000000000000e+02,1.511716949562060108e+03,-6.911439816223914623e-02,-2.603308257918444599e-02,9.765660802750606440e-01
6.750000000000000000e+02,1.540239910874551697e+03,-7.247299606589728549e-02,-2.701681166693694139e-02,1.022199292537886217e+00
6.875000000000000000e+02,1.568762872187043286e+03,-7.596797828095258609e-02,-2.801797166725217975e-02,1.069398749132518534e+00
7.000000000000000000e+02,1.597285833499535102e+03,-7.954551637998627522e-02,-2.903658363772493312e-02,1.096422579900656391e+00
7.125000000000000000e+02,1.625808794812026690e+03,-8.324514454581238843e-02,-3.007249902137550113e-02,1.118590784556675377e+00
7.250000000000000000e+02,1.654331756124518506e+03,-8.710429031840108416e-02,-3.112552191842297630e-02,1.145383902491446060e+00
7.375000000000000000e+02,1.682854717437010095e+03,-9.113423589882721498e-02,-3.219547955746334539e-02,1.174772223542887239e+00
7.500000000000000000e+02,1.711377678749501911e+03,-9.534716911388957383e-02,-3.328218199717727921e-02,1.206032279443486344e+00
7.625000000000000000e+02,1.739900640061993727e+03,-9.975646069740669308e-02,-3.438541644515274998e-02,1.238837640959601583e+00
7.750000000000000000e+02,1.768423601374485543e+03,-1.043769105431195110e-01,-3.550494213188545162e-02,1.273003575728370418e+00
7.875000000000000000e+02,1.796946562686976904e+03,-1.092250017966426290e-01,-3.664048478043931134e-02,1.308395354431335811e+00
8.000000000000000000e+02,1.825469523999468720e+03,-1.142705930076773485e-01,-3.779187093603141034e-02,1.346526348582421928e+00
8.125000000000000000e+02,1.853992485311960309e+03,-1.192003105377959921e-01,-3.895981728455758658e-02,1.399093535442547331e+00
8.250000000000000000e+02,1.882515446624451897e+03,-1.243577107474115040e-01,-4.014336129253548435e-02,1.450366678129775266e+00
8.375000000000000000e+02,1.911038407936943713e+03,-1.297694497527528135e-01,-4.134204301315927421e-02,1.503034919484630416e+00
8.500000000000000000e+02,1.939561369249435529e+03,-1.354616716232815710e-01,-4.255537818705351638e-02,1.558061961288554009e+00
8.625000000000000000e+02,1.968084330561926890e+03,-1.414622686065180879e-01,-4.378282587889396199e-02,1.615966450996856096e+00
8.750000000000000000e+02,1.996607291874418706e+03,-1.478020176809869413e-01,-4.502376674525652989e-02,1.677125577897215614e+00
8.875000000000000000e+02,2.025130253186910522e+03,-1.545154967845819849e-01,-4.627748129735893140e-02,1.741876283569682826e+00
9.000000000000000000e+02,2.053653214499402111e+03,-1.616419714624901527e-01,-4.754312536174624959e-02,1.810548156054376800e+00
9.125000000000000000e+02,2.082176175811893700e+03,-1.692263459159842054e-01,-4.881970067163227817e-02,1.883468732742426432e+00
9.250000000000000000e+02,2.110699137124385743e+03,-1.773202433798810318e-01,-5.010601855086300321e-02,1.960954366923973291e+00
9.375000000000000000e+02,2.139222098436876877e+03,-1.859832706219810561e-01,-5.140065420790922157e-02,2.043289450516978079e+00
9.500000000000000000e+02,2.167745059749368920e+03,-1.953004154499696499e-01,-5.270180723062021372e-02,2.123092882841811857e+00
9.625000000000000000e+02,2.196268021061860509e+03,-2.053906535927939314e-01,-5.400713776118053894e-02,2.185991455877294598e+00
9.750000000000000000e+02,2.224790982374352552e+03,-2.163334412495596382e-01,-5.531403287220586912e-02,2.247573936971525299e+00
9.875000000000000000e+02,2.253313943686844141e+03,-2.282426061739209477e-01,-5.661921523152800562e-02,2.306830682718101766e+00
1.000000000000000000e+03,2.281836904999335729e+03,-2.412525936867407350e-01,-5.791861441928254639e-02,2.362222880763612753e+00
1.012500000000000000e+03,2.310359866311827773e+03,-2.555209612119105911e-01,-5.920714986306373218e-02,2.411709831775528556e+00
1.025000000000000000e+03,2.338882827624318907e+03,-2.712318889579752867e-01,-6.047844653434746032e-02,2.452735066017738497e+00
1.037500000000000000e+03,2.367405788936810950e+03,-2.886005227787648009e-01,-6.172446173338071856e-02,2.482242774720313072e+00
1.050000000000000000e+03,2.395928750249302539e+03,-3.078783623819250082e-01,-6.293499117140685661e-02,2.496765750855785448e+00
1.062500000000000000e+03,2.424451711561794127e+03,-3.293600731208213839e-01,-6.409700830614566136e-02,2.492630784181036674e+00
1.075000000000000000e+03,2.452974672874286171e+03,-3.533922428894898937e-01,-6.519377073673736367e-02,2.466338080042326464e+00
1.087500000000000000e+03,2.481497634186777759e+03,-3.803846939984316111e-01,-6.620359753732671382e-02,2.415189528252120965e+00
1.100000000000000000e+03,2.510020595499269348e+03,-4.108248594848949442e-01,-6.709818053390460835e-02,2.338278179742827589e+00
1.112500000000000000e+03,2.538543556811760936e+03,-4.452951191486043125e-01,-6.784023855812668091e-02,2.238030923224350044e+00
1.125000000000000000e+03,2.567066518124252980e+03,-4.844910609124465362e-01,-6.838026401167621171e-02,2.122631547160885201e+00
1.137500000000000000e+03,2.595589479436744114e+03,-5.292335443674118789e-01,-6.865206047531745293e-02,2.009679684264795263e+00
1.150000000000000000e+03,2.624112440749236157e+03,-5.804551442777979853e-01,-6.856672039401683072e-02,1.930176366014210165e+00
1.162500000000000000e+03,2.652635402061727746e+03,-6.391128936668986071e-01,-6.800431241924717596e-02,1.923521281837084151e+00
1.175000000000000000e+03,2.681158363374219334e+03,-7.075799832698423941e-01,-6.682060677340494192e-02,1.614844793271855927e+00
1.181250000000000000e+03,2.695419844030465356e+03,-7.442979415192436665e-01,-6.602506014674730528e-02,1.588441893671833416e+00
1.187500000000000000e+03,2.709681324686711378e+03,-7.836910001435731798e-01,-6.501213148306526912e-02,1.672599722870610872e+00
1.193750000000000000e+03,2.723942805342957399e+03,-8.259953765792139579e-01,-6.375151085014303665e-02,1.867883048253286660e+00
1.200000000000000000e+03,2.738204285999202966e+03,-8.714928096656535672e-01,-6.220659763230139416e-02,2.181740568067112029e+00
1.206250000000000000e+03,2.752465766655448533e+03,-9.205116572825071675e-01,-6.033381709538997162e-02,2.625941694652297542e+00
1.212500000000000000e+03,2.766727247311695010e+03,-9.734310557489809224e-01,-5.808135313554881052e-02,3.216495081958260727e+00
1.218750000000000000e+03,2.780988727967940576e+03,-1.030686503389163455e+00,-5.538753752075863818e-02,3.974156388277632068e+00
1.225000000000000000e+03,2.795250208624186143e+03,-1.092776824815953285e+00,-5.217887507478154857e-02,4.925016770930174204e+00
1.231250000000000000e+03,2.809511689280432165e+03,-1.160272451613963751e+00,-4.836762862698249649e-02,6.100700685749441021e+00
1.237500000000000000e+03,2.823773169936678187e+03,-1.233824250877468609e+00,-4.384891614657555892e-02,7.537386099178458920e+00
1.243750000000000000e+03,2.838034650592923754e+03,-1.314170700799785374e+00,-3.849732386373486137e-02,9.272289447437325194e+00
1.250000000000000000e+03,2.852296131249169775e+03,-1.402138666184823412e+00,-3.216325736336166086e-02,1.133582778869207885e+01
1.256250000000000000e+03,2.838034650592923754e+03,-1.470101516003292197e+00,-2.492678572126751438e-02,1.267940549771019754e+01
1.262500000000000000e+03,2.823773169936678187e+03,-1.532704326797600825e+00,-1.789123731858315719e-02,1.390802860969079902e+01
1.268750000000000000e+03,2.809511689280432165e+03,-1.590765659244072650e+00,-1.104595722980932990e-02,1.502139894459960345e+01
1.275000000000000000e+03,2.795250208624186143e+03,-1.644574663405010462e+00,-4.411570173916268614e-03,1.601709413271156279e+01
1.281250000000000000e+03,2.780988727967940576e+03,-1.693872265726930060e+00,1.966140143879337599e-03,1.667490951218933759e+01
1.284375000000000000e+03,2.773857987639817566e+03,-1.717321071487683426e+00,5.078948899082097630e-03,1.695298822817000328e+01
1.287500000000000000e+03,2.766727247311694555e+03,-1.739751814244529848e+00,8.121794902242554862e-03,1.723347042098045989e+01
1.290625000000000000e+03,2.759596506983571544e+03,-1.761192641747332477e+00,1.109316625024572150e-02,1.750859738155847367e+01
1.293750000000000000e+03,2.752465766655448988e+03,-1.781664432992109859e+00,1.399130838652808996e-02,1.777420685911257081e+01
1.296875000000000000e+03,2.745335026327325977e+03,-1.801184818597171278e+00,1.681445830085104981e-02,1.802757089243619504e+01
1.300000000000000000e+03,2.738204285999202966e+03,-1.819769675125326058e+00,1.956098197369765535e-02,1.826679179516099083e+01
1.303125000000000000e+03,2.731073545671079955e+03,-1.837433416480386716e+00,2.222932534437110572e-02,1.849052878605155570e+01
1.306250000000000000e+03,2.723942805342956945e+03,-1.854189572816649534e+00,2.481810252857826610e-02,1.869783981479566748e+01
1.309375000000000000e+03,2.716812065014834388e+03,-1.870050719165763375e+00,2.732601064070025801e-02,1.888807129402862017e+01
1.312500000000000000e+03,2.709681324686711378e+03,-1.885028995170864974e+00,2.975193114598886218e-02,1.906078905216909547e+01
1.315625000000000000e+03,2.702550584358588367e+03,-1.899135896972185433e+00,3.209482427657225218e-02,1.921572326193425795e+01
1.318750000000000000e+03,2.695419844030465356e+03,-1.912382804321762997e+00,3.435384704917798099e-02,1.935273723262701395e+01
1.321875000000000000e+03,2.688289103702342345e+03,-1.924780662662245234e+00,3.652822825194559225e-02,1.947179643697410611e+01
1.325000000000000000e+03,2.681158363374219789e+03,-1.936340532647853774e+00,3.861740309964600826e-02,1.957295475636194837e+01
1.328125000000000000e+03,2.674027623046096778e+03,-1.947073174696488884e+00,4.062086901263842892e-02,1.965633405009446477e+01
1.331250000000000000e+03,2.666896882717973767e+03,-1.956989630483974008e+00,4.253833681109213394e-02,1.972211877817235859e+01
1.334375000000000000e+03,2.659766142389850756e+03,-1.966100719257830143e+00,4.436956757261956152e-02,1.977054010405689155e+01
1.337500000000000000e+03,2.652635402061727746e+03,-1.974417658582716895e+00,4.611454035284816289e-02,1.980187487978767535e+01
1.340625000000000000e+03,2.645504661733604735e+03,-1.981951479774224811e+00,4.777327046891244322e-02,1.981643167115671744e+01
1.343750000000000000e+03,2.638373921405482179e+03,-1.988713693430218088e+00,4.934599378365092659e-02,1.981455236093416516e+01
1.346875000000000000e+03,2.631243181077359168e+03,-1.994715629806138368e+00,5.083296678436433069e-02,1.979659900038538112e+01
1.350000000000000000e+03,2.624112440749236157e+03,-1.999969153269810729e+00,5.223466748538015125e-02,1.976295728841279953e+01
1.353125000000000000e+03,2.616981700421113146e+03,-2.004485932208684762e+00,5.355157766662466123e-02,1.971402381231222378e+01
1.356250000000000000e+03,2.609850960092990135e+03,-2.008278205431263341e+00,5.478440044584381718e-02,1.965021108828250007e+01
1.359375000000000000e+03,2.602720219764867579e+03,-2.011357985216994493e+00,5.593382502013499735e-02,1.957193502725943901e+01
1.362500000000000000e+03,2.595589479436744568e+03,-2.013737877803938314e+00,5.700076094347172190e-02,1.947962139247324487e+01
1.365625000000000000e+03,2.588458739108621558e+03,-2.015430222416762618e+00,5.798608568403565422e-02,1.937369342858342591e+01
1.368750000000000000e+03,2.581327998780498547e+03,-2.016447967283502063e+00,5.889089562104320164e-02,1.925457965076607891e+01
1.371875000000000000e+03,2.574197258452375536e+03,-2.016803746867315450e+00,5.971623669679727853e-02,1.912270160528827034e+01
1.375000000000000000e+03,2.567066518124252525e+03,-2.016510814309111499e+00,6.046337212336339029e-02,1.897848291800151088e+01
1.378125000000000000e+03,2.559935777796129969e+03,-2.015582058612788607e+00,6.113349637428441147e-02,1.882233715651885220e+01
1.381250000000000000e+03,2.552805037468006958e+03,-2.014030993985979290e+00,6.172801956908902793e-02,1.865467806309305132e+01
1.384375000000000000e+03,2.545674297139883947e+03,-2.011870718360983190e+00,6.224826501784431337e-02,1.847590748224835977e+01
1.387500000000000000e+03,2.538543556811760936e+03,-2.009114959779663590e+00,6.269577023141421901e-02,1.828642669567578594e+01
1.390625000000000000e+03,2.531412816483637926e+03,-2.005776977352767165e+00,6.307196820370729318e-02,1.808662437175860660e+01
1.393750000000000000e+03,2.524282076155515369e+03,-2.001870664588345949e+00,6.337850497887058399e-02,1.787688891285136705e+01
1.396875000000000000e+03,2.517151335827392359e+03,-1.997409393684215662e+00,6.361690483186129008e-02,1.765759637688534056e+01
1.400000000000000000e+03,2.510020595499269348e+03,-1.992407175517123097e+00,6.378890431059562605e-02,1.742912374049286583e+01
1.403125000000000000e+03,2.502889855171146337e+03,-1.986877448013359526e+00,6.389610145544996622e-02,1.719183673784011290e+01
1.406250000000000000e+03,2.495759114843023326e+03,-1.980834292386073336e+00,6.394030622472063330e-02,1.694610393645329438e+01
1.409375000000000000e+03,2.488628374514900770e+03,-1.974291166226541439e+00,6.392317387764097358e-02,1.669228443372084314e+01
1.412500000000000000e+03,2.481497634186777759e+03,-1.967262175489479459e+00,6.384657168503718450e-02,1.643074263521043576e+01
1.415625000000000000e+03,2.474366893858654748e+03,-1.959760752883046075e+00,6.371219658806123731e-02,1.616183574512136900e+01
1.418750000000000000e+03,2.467236153530531737e+03,-1.951800985048331327e+00,6.352195809218438849e-02,1.588592912886562480e+01
1.421875000000000000e+03,2.460105413202408727e+03,-1.943396236791903542e+00,6.327758030462919681e-02,1.560338353028611280e+01
1.425000000000000000e+03,2.452974672874286171e+03,-1.934560532878568662e+00,6.298100090833515241e-02,1.531457089211530587e+01
1.428125000000000000e+03,2.445843932546163160e+03,-1.925307128639288656e+00,6.263395767446278128e-02,1.501986123042285115e+01
1.431250000000000000e+03,2.438713192218040149e+03,-1.915649945789424491e+00,6.223840341320369812e-02,1.471963877942249432e+01
1.434375000000000000e+03,2.431582451889917138e+03,-1.905602089950834799e+00,6.179607705319096339e-02,1.441428845374504952e+01
1.437500000000000000e+03,2.424451711561794127e+03,-1.895177339915499637e+00,6.130893446748236081e-02,1.410421217886672984e+01
1.440625000000000000e+03,2.417320971233671571e+03,-1.884388612637996063e+00,6.077870420875629981e-02,1.378981487588239574e+01
1.443750000000000000e+03,2.410190230905548560e+03,-1.873249505381524571e+00,6.020733411100783611e-02,1.347152083716873605e+01
1.446875000000000000e+03,2.403059490577425549e+03,-1.861772708760851769e+00,5.959653176755200926e-02,1.314975917724894749e+01
1.450000000000000000e+03,2.395928750249302539e+03,-1.849971601230036233e+00,5.894822681155201943e-02,1.282498011622474898e+01
1.453125000000000000e+03,2.388798009921179528e+03,-1.837858610782082236e+00,5.826409622264758226e-02,1.249763985519894227e+01
1.456250000000000000e+03,2.381667269593056517e+03,-1.825446861261526887e+00,5.754604219207723470e-02,1.216821663821324329e+01
1.459375000000000000e+03,2.374536529264933961e+03,-1.812748483352105255e+00,5.679570234285375580e-02,1.183719503136002338e+01
1.462500000000000000e+03,2.367405788936810950e+03,-1.799776312220012553e+00,5.601494308763942803e-02,1.150508164782892528e+01
1.465625000000000000e+03,2.360275048608687939e+03,-1.786542148442211264e+00,5.520535484658992131e-02,1.117238883640450631e+01
1.468750000000000000e+03,2.353144308280564928e+03,-1.773058506505601706e+00,5.436876080811010176e-02,1.083964997311576006e+01
1.471875000000000000e+03,2.346013567952441917e+03,-1.759336826344326976e+00,5.350669722752075808e-02,1.050740259638139129e+01
1.475000000000000000e+03,2.338882827624318907e+03,-1.745389272234721290e+00,5.262093750234490830e-02,1.017620319226458392e+01
1.478125000000000000e+03,2.331752087296196351e+03,-1.731226895618785955e+00,5.171295763369014586e-02,9.846609848793420383e+00
1.481250000000000000e+03,2.324621346968073340e+03,-1.716861483943636024e+00,5.078447552866512116e-02,9.519196488776083598e+00
1.484375000000000000e+03,2.317490606639950329e+03,-1.702285824931365932e+00,4.983644694275471410e-02,9.184962213206979698e+00
1.487500000000000000e+03,2.310359866311827318e+03,-1.687504054015301458e+00,4.887026839439739118e-02,8.843735135603106201e+00
1.490625000000000000e+03,2.303229125983704307e+03,-1.672539483108141711e+00,4.788752084423544830e-02,8.506021865531323556e+00
1.493750000000000000e+03,2.296098385655581751e+03,-1.657403837555126103e+00,4.688984035253785515e-02,8.172253619799455748e+00
1.496875000000000000e+03,2.288967645327458740e+03,-1.642107087444169888e+00,4.587851655529378431e-02,7.842871709773818978e+00
1.500000000000000000e+03,2.281836904999335729e+03,-1.626659874465129940e+00,4.485509350650321997e-02,7.518331302874808664e+00
1.503125000000000000e+03,2.274706164671212719e+03,-1.611071583857059730e+00,4.382078060446590456e-02,7.199072985717301698e+00
1.506250000000000000e+03,2.267575424343089708e+03,-1.595352425022362297e+00,4.277705303412629445e-02,6.885539939652847607e+00
1.509375000000000000e+03,2.260444684014967152e+03,-1.579511359936877968e+00,4.172504420263775660e-02,6.578154215831583329e+00
1.512500000000000000e+03,2.253313943686844141e+03,-1.563558207541849487e+00,4.066615996686238216e-02,6.277335037833566389e+00
1.515625000000000000e+03,2.246183203358721130e+03,-1.547501520939957409e+00,3.960145646782805423e-02,5.983475585749054915e+00
1.518750000000000000e+03,2.239052463030598119e+03,-1.531350737571235410e+00,3.853226902753818794e-02,5.696961642955823635e+00
1.521875000000000000e+03,2.231921722702475108e+03,-1.515114011083680934e+00,3.745957567362788454e-02,5.418148992375326323e+00
1.525000000000000000e+03,2.224790982374352552e+03,-1.498800407718493544e+00,3.638464064777840318e-02,5.147382502313189612e+00
1.528125000000000000e+03,2.217660242046229541e+03,-1.482417693374222356e+00,3.530836367573758627e-02,4.884974229086012087e+00
1.531250000000000000e+03,2.210529501718106530e+03,-1.465974575322213536e+00,3.423193797890017320e-02,4.631222903497750565e+00
1.534375000000000000e+03,2.203398761389983520e+03,-1.449478444722934967e+00,3.315618533864063411e-02,4.386392717399533403e+00
1.537500000000000000e+03,2.196268021061860509e+03,-1.432937662790172428e+00,3.208222850868418241e-02,4.150733104750641722e+00
1.540625000000000000e+03,2.189137280733737953e+03,-1.416359259095375966e+00,3.101081212880834811e-02,3.924458140891681879e+00
1.543750000000000000e+03,2.182006540405614942e+03,-1.399751261385602463e+00,2.994298944310430644e-02,3.707766492303534722e+00
1.546875000000000000e+03,2.174875800077491931e+03,-1.383120350110163654e+00,2.887942912305825269e-02,3.500821337044041748e+00
1.550000000000000000e+03,2.167745059749368920e+03,-1.366474231186722621e+00,2.782111620277382194e-02,3.303770354985739122e+00
1.553125000000000000e+03,2.160614319421245909e+03,-1.349819247278337242e+00,2.676864487486160099e-02,3.116726067301271552e+00
1.556250000000000000e+03,2.153483579093123353e+03,-1.333162792886027237e+00,2.572293355840894399e-02,2.939785743193578771e+00
1.559375000000000000e+03,2.146352838764999888e+03,-1.316510882988924047e+00,2.468450373318046079e-02,2.773012050293165665e+00
1.562500000000000000e+03,2.139222098436877332e+03,-1.299870609917044506e+00,2.365420905973688107e-02,2.616452762284950051e+00
1.565625000000000000e+03,2.132091358108754321e+03,-1.283247670038105026e+00,2.263250031839312768e-02,2.470121610630187092e+00
1.568750000000000000e+03,2.124960617780631310e+03,-1.266648861926251035e+00,2.162016850344743168e-02,2.334017691329772326e+00
1.571875000000000000e+03,2.117829877452508299e+03,-1.250079571829098235e+00,2.061759593312829583e-02,2.208106414077986468e+00
1.575000000000000000e+03,2.110699137124385288e+03,-1.233546312688980295e+00,1.962551324145944687e-02,2.092338528377700513e+00
1.578125000000000000e+03,2.103568396796262732e+03,-1.217054169143263698e+00,1.864423672408652491e-02,1.986631082818018479e+00
1.581250000000000000e+03,2.096437656468139721e+03,-1.200609376964477226e+00,1.767443915182551409e-02,1.890886024757551187e+00
1.584375000000000000e+03,2.089306916140016710e+03,-1.184216728325325541e+00,1.671637341485279760e-02,1.804971113754290535e+00
1.587500000000000000e+03,2.082176175811893700e+03,-1.167882191193054364e+00,1.577065708158087790e-02,1.728738098684617919e+00
1.590625000000000000e+03,2.075045435483770689e+03,-1.151610275519054039e+00,1.483748240035007160e-02,1.662003579249820451e+00
1.593750000000000000e+03,2.067914695155648133e+03,-1.135406692044703014e+00,1.391741452618677766e-02,1.604566831904522317e+00
1.596875000000000000e+03,2.060783954827525122e+03,-1.119275679951199809e+00,1.301058793525182097e-02,1.556190682390156343e+00
1.600000000000000000e+03,2.053653214499402111e+03,-1.103222755661041221e+00,1.211751759601655855e-02,1.516585864210316270e+00
1.603125000000000000e+03,2.046522474171279100e+03,-1.087307539197773343e+00,1.123764377509060830e-02,1.449086545388869718e+00
1.606250000000000000e+03,2.039391733843156317e+03,-1.071491286831019796e+00,1.037206168299979921e-02,1.390009349690859874e+00
1.609375000000000000e+03,2.032260993515033306e+03,-1.055773305207989843e+00,9.520878834693777618e-03,1.339436256364842315e+00
1.612500000000000000e+03,2.025130253186910522e+03,-1.040156260921256015e+00,8.684559475138166340e-03,1.297169259632801275e+00
1.615625000000000000e+03,2.017999512858787512e+03,-1.024642028500968305e+00,7.863105267171736565e-03,1.262888858852299956e+00
1.618750000000000000e+03,2.010868772530664501e+03,-1.009234137709852375e+00,7.056914203655660980e-03,1.236221116326144287e+00
1.621875000000000000e+03,2.003738032202541490e+03,-9.939348339578460978e-01,6.265925578045265613e-03,1.216735087196373577e+00
1.625000000000000000e+03,1.996607291874418706e+03,-9.787478606337270959e-01,5.490486862091662965e-03,1.203975188386863016e+00
1.628125000000000000e+03,1.989476551546295923e+03,-9.636755594991702756e-01,4.730483834666487572e-03,1.197449764095791069e+00
1.631250000000000000e+03,1.982345811218172912e+03,-9.487217138526853333e-01,3.986220131366590737e-03,1.196660296890686759e+00
1.634375000000000000e+03,1.975215070890049901e+03,-9.338886249631523917e-01,3.257533761817592039e-03,1.201088160099534896e+00
1.637500000000000000e+03,1.968084330561926890e+03,-9.191799998946431627e-01,2.544689637908473592e-03,1.210222547074093047e+00
1.640625000000000000e+03,1.960953590233804107e+03,-9.045980000923726783e-01,1.847482701744399035e-03,1.223545796473243241e+00
1.643750000000000000e+03,1.953822849905681323e+03,-8.901461716862233420e-01,1.166143483871061402e-03,1.240560124988026702e+00
1.646875000000000000e+03,1.946692109577558313e+03,-8.758264655131102749e-01,5.004279744026987305e-04,1.260771350820143688e+00
1.650000000000000000e+03,1.939561369249435302e+03,-8.616422084117392188e-01,-1.494637848584498942e-04,1.283714340314045410e+00
1.653125000000000000e+03,1.932430628921312291e+03,-8.475950940126920630e-01,-7.838109899556505679e-04,1.308934980164275341e+00
1.656250000000000000e+03,1.925299888593189507e+03,-8.336881935143466427e-01,-1.402440472768118947e-03,1.336014347507551658e+00
1.659375000000000000e+03,1.918169148265066724e+03,-8.199229164896697508e-01,-2.005663079102745598e-03,1.364548945626126164e+00
1.662500000000000000e+03,1.911038407936943713e+03,-8.063020596414918195e-01,-2.593329098459264733e-03,1.394173762235370262e+00
1.665625000000000000e+03,1.903907667608820702e+03,-7.928267368720336439e-01,-3.165777673288000266e-03,1.424540947671784075e+00
1.668750000000000000e+03,1.896776927280697691e+03,-7.794994646178710074e-01,-3.722879311590659643e-03,1.455342044232584175e+00
1.671875000000000000e+03,1.889646186952574908e+03,-7.663210605168981893e-01,-4.264998277420199539e-03,1.486285389067185658e+00
1.675000000000000000e+03,1.882515446624451897e+03,-7.532937641050965194e-01,-4.792022240765805678e-03,1.517117845345689719e+00
1.678125000000000000e+03,1.875384706296329114e+03,-7.404181035664221255e-01,-5.304337602046117067e-03,1.547601242311750447e+00
1.681250000000000000e+03,1.868253965968206103e+03,-7.276960507964979064e-01,-5.801846333490017979e-03,1.577533922097577701e+00
1.684375000000000000e+03,1.861123225640083092e+03,-7.151278558926351669e-01,-6.284954190411285412e-03,1.606726503130174066e+00
1.687500000000000000e+03,1.853992485311960081e+03,-7.027152358142928490e-01,-6.753574796350318189e-03,1.635023497822174043e+00
1.690625000000000000e+03,1.846861744983837525e+03,-6.904581764287301970e-01,-7.208130692955232351e-03,1.662278628871638464e+00
1.693750000000000000e+03,1.839731004655714742e+03,-6.783581541967771411e-01,-7.648544718722154016e-03,1.688376698381799379e+00
1.696875000000000000e+03,1.832600264327591731e+03,-6.664149057144864718e-01,-8.075253848265471004e-03,1.713208622230418587e+00
1.700000000000000000e+03,1.825469523999468720e+03,-6.546296820126664695e-01,-8.488187912298900822e-03,1.736693659201415052e+00
1.703125000000000000e+03,1.818338783671345936e+03,-6.430019856202938699e-01,-8.887796176386689867e-03,1.758754271237537914e+00
1.706250000000000000e+03,1.811208043343222926e+03,-6.315328571863014773e-01,-9.274013448027340276e-03,1.779338761860396634e+00
1.709375000000000000e+03,1.804077303015099915e+03,-6.202215801397098494e-01,-9.647299344752779948e-03,1.798396026118942448e+00
1.712500000000000000e+03,1.796946562686977131e+03,-6.090689994282202369e-01,-1.000759183287000705e-02,1.815898604063306276e+00
1.715625000000000000e+03,1.789815822358854120e+03,-5.980741938707442307e-01,-1.035535913492532413e-02,1.831817354350151916e+00
1.718750000000000000e+03,1.782685082030731110e+03,-5.872378268677033164e-01,-1.069054074369867394e-02,1.846144899671205319e+00
1.721875000000000000e+03,1.775554341702608326e+03,-5.765587865425979563e-01,-1.101361191948543698e-02,1.858870240161586640e+00
1.725000000000000000e+03,1.768423601374485315e+03,-5.660375683216327669e-01,-1.132451222222707887e-02,1.870002550580859291e+00
1.728125000000000000e+03,1.761292861046362532e+03,-5.556728829497823430e-01,-1.162372254968616417e-02,1.879545740875991688e+00
1.731250000000000000e+03,1.754162120718239521e+03,-5.454650708689899874e-01,-1.191118123001786051e-02,1.887522556340241575e+00
1.734375000000000000e+03,1.747031380390116510e+03,-5.354126781765933263e-01,-1.218737355262390284e-02,1.893949089996014745e+00
1.737500000000000000e+03,1.739900640061993727e+03,-5.255159027565581287e-01,-1.245223546298238233e-02,1.898859134204849530e+00
1.740625000000000000e+03,1.732769899733870716e+03,-5.157731382280624777e-01,-1.270625553870810380e-02,1.902278650611399335e+00
1.743750000000000000e+03,1.725639159405747705e+03,-5.061844518059561704e-01,-1.294936632801668534e-02,1.904250322616933166e+00
1.746875000000000000e+03,1.718508419077624922e+03,-4.967480962671080857e-01,-1.318205872427066945e-02,1.904807991675516732e+00
1.750000000000000000e+03,1.711377678749501911e+03,-4.874640195361603645e-01,-1.340426098902073107e-02,1.904001363201180075e+00
1.753125000000000000e+03,1.704246938421379127e+03,-4.783303446781453916e-01,-1.361646547907574729e-02,1.901870421928055110e+00
1.756250000000000000e+03,1.697116198093256116e+03,-4.693469112243367491e-01,-1.381859539462245920e-02,1.898470248018312656e+00
1.759375000000000000e+03,1.689985457765133106e+03,-4.605117231820688439e-01,-1.401114381360187358e-02,1.893845428075874304e+00
1.762500000000000000e+03,1.682854717437010322e+03,-4.518245221332440331e-01,-1.419402820499862834e-02,1.888054942976285844e+00
1.765625000000000000e+03,1.675723977108887311e+03,-4.432832032362544195e-01,-1.436774172601768679e-02,1.881146594369641711e+00
1.768750000000000000e+03,1.668593236780764300e+03,-4.348874201462921696e-01,-1.453219554021110450e-02,1.873181930422471497e+00
1.771875000000000000e+03,1.661462496452641517e+03,-4.266349689696076197e-01,-1.468788233368276651e-02,1.864210710110002056e+00
1.775000000000000000e+03,1.654331756124518506e+03,-4.185254250699037004e-01,-1.483470647728761874e-02,1.854295837326173091e+00
1.778125000000000000e+03,1.647201015796395723e+03,-4.105564949215868564e-01,-1.497315971880181992e-02,1.843487886658384367e+00
1.781250000000000000e+03,1.640070275468272712e+03,-4.027276848799393738e-01,-1.510313922801265890e-02,1.831850020178721561e+00
1.784375000000000000e+03,1.632939535140149701e+03,-3.950366208672833057e-01,-1.522513542249823680e-02,1.819432598612116259e+00
1.787500000000000000e+03,1.625808794812026917e+03,-3.874827491960932124e-01,-1.533903793399355765e-02,1.806298058416126562e+00
1.790625000000000000e+03,1.618678054483903907e+03,-3.800636240099848351e-01,-1.544533552613666129e-02,1.792495631504454234e+00
1.793750000000000000e+03,1.611547314155780896e+03,-3.727786402583257441e-01,-1.554391002006312410e-02,1.778086162876445719e+00
1.796875000000000000e+03,1.604416573827658112e+03,-3.656252888025869896e-01,-1.563524826316108757e-02,1.763116960397778099e+00
1.800000000000000000e+03,1.597285833499535102e+03,-3.586029216483953008e-01,-1.571922405143144283e-02,1.747646535518454947e+00
1.803125000000000000e+03,1.590155093171412318e+03,-3.517089746171311315e-01,-1.579632210897699215e-02,1.731719602125716850e+00
1.806250000000000000e+03,1.583024352843289307e+03,-3.449427649467999846e-01,-1.586640804420980447e-02,1.715391724764535830e+00
1.809375000000000000e+03,1.575893612515166296e+03,-3.383016814189928612e-01,-1.592996430049664278e-02,1.698704482643485392e+00
1.812500000000000000e+03,1.568762872187043513e+03,-3.317850144437127780e-01,-1.598684818284579895e-02,1.681710011358390711e+00
1.815625000000000000e+03,1.561632131858920502e+03,-3.253901135231135888e-01,-1.603753974079687866e-02,1.664446344842385628e+00
1.818750000000000000e+03,1.554501391530797491e+03,-3.191162499377850348e-01,-1.608188790175700891e-02,1.646961838080713836e+00
1.821875000000000000e+03,1.547370651202674708e+03,-3.129607414213097516e-01,-1.612037024789726714e-02,1.629290696422741380e+00
1.825000000000000000e+03,1.540239910874551697e+03,-3.069228475668240308e-01,-1.615282729182149213e-02,1.611477268142600394e+00
1.828125000000000000e+03,1.533109170546428913e+03,-3.009998615806048217e-01,-1.617973410990125246e-02,1.593551767262285423e+00
1.831250000000000000e+03,1.525978430218305903e+03,-2.951910385283060267e-01,-1.620092279547413749e-02,1.575554426262119723e+00
1.834375000000000000e+03,1.518847689890182892e+03,-2.894976817804439939e-01,-1.621685437696398363e-02,1.554138057899998593e+00
1.837500000000000000e+03,1.511716949562060108e+03,-2.839309226532791830e-01,-1.622731815135658451e-02,1.519976720969375084e+00
1.840625000000000000e+03,1.504586209233937097e+03,-2.784714704683875497e-01,-1.623282616351159890e-02,1.489311112391281000e+00
1.843750000000000000e+03,1.497455468905814087e+03,-2.731184157213011332e-01,-1.623319697096086561e-02,1.460778921509868544e+00
1.846875000000000000e+03,1.490324728577691303e+03,-2.678689497521390961e-01,-1.622889977897674571e-02,1.433826248221380828e+00
1.850000000000000000e+03,1.483193988249568292e+03,-2.627223222688448434e-01,-1.621974267105081788e-02,1.408142290261844121e+00
1.853125000000000000e+03,1.476063247921445509e+03,-2.576757743973035475e-01,-1.620619160497411074e-02,1.383514874545428208e+00
1.856250000000000000e+03,1.468932507593322498e+03,-2.527286022866036541e-01,-1.618804598289124222e-02,1.359803263968681453e+00
1.859375000000000000e+03,1.461801767265199487e+03,-2.478780722536837733e-01,-1.616576910142710974e-02,1.336900606708127937e+00
1.862500000000000000e+03,1.454671026937076704e+03,-2.431235212827394243e-01,-1.613915200378224571e-02,1.314735993306065609e+00
1.865625000000000000e+03,1.447540286608953693e+03,-2.384622396190923255e-01,-1.610865555559868115e-02,1.293249824726734110e+00
1.868750000000000000e+03,1.440409546280830682e+03,-2.338936051145787953e-01,-1.607406266036019715e-02,1.272403238440596773e+00
1.871875000000000000e+03,1.433278805952707899e+03,-2.294149324262425571e-01,-1.603583194170738607e-02,1.252158504410812334e+00
1.875000000000000000e+03,1.426148065624584888e+03,-2.250256410994892486e-01,-1.599373835892817924e-02,1.232491633810075982e+00
1.878125000000000000e+03,1.419017325296462104e+03,-2.207230711732822148e-01,-1.594823846632456230e-02,1.213375132275603896e+00
1.881250000000000000e+03,1.411886584968339093e+03,-2.165066850443107538e-01,-1.589909946180845593e-02,1.194792020019223022e+00
1.884375000000000000e+03,1.404755844640216083e+03,-2.123738493266349170e-01,-1.584677599332303191e-02,1.176719726691295875e+00
1.887500000000000000e+03,1.397625104312093299e+03,-2.082975982205158283e-01,-1.579106705560637605e-02,1.162795309923992271e+00
1.890625000000000000e+03,1.390494363983970288e+03,-2.042775356782210450e-01,-1.573242881033004581e-02,1.151483848294529988e+00
1.893750000000000000e+03,1.383363623655847277e+03,-2.003295980670477816e-01,-1.567059306286652104e-02,1.140064035496341832e+00
1.896875000000000000e+03,1.376232883327724494e+03,-1.964532733400007614e-01,-1.560600617228899943e-02,1.128564742564695411e+00
1.900000000000000000e+03,1.369102142999601483e+03,-1.926493513923007994e-01,-1.553840979516493172e-02,1.117012245673314030e+00
1.903125000000000000e+03,1.361971402671478700e+03,-1.889161448046002001e-01,-1.546825114756394427e-02,1.105424821954052117e+00
1.906250000000000000e+03,1.354840662343355689e+03,-1.852540078650519451e-01,-1.539526577108246697e-02,1.093824104654016693e+00
1.909375000000000000e+03,1.347709922015232678e+03,-1.816610001660141083e-01,-1.531990020267492460e-02,1.082224869432355963e+00
1.912500000000000000e+03,1.340579181687109894e+03,-1.781373146143672703e-01,-1.524188356796837146e-02,1.070645562534948692e+00
1.915625000000000000e+03,1.333448441358986884e+03,-1.746808738819105866e-01,-1.516166171016399174e-02,1.059097715008187723e+00
1.918750000000000000e+03,1.326317701030863873e+03,-1.712917806045889946e-01,-1.507895740376710356e-02,1.047596776059704471e+00
1.921875000000000000e+03,1.319186960702741089e+03,-1.679678737931440680e-01,-1.499421586039220017e-02,1.036151356717060157e+00
1.925000000000000000e+03,1.312056220374618078e+03,-1.647092087386014259e-01,-1.490715357964823851e-02,1.024774327045696376e+00
1.928125000000000000e+03,1.304925480046495295e+03,-1.615135760442779900e-01,-1.481821520501338738e-02,1.013471848253678864e+00
1.931250000000000000e+03,1.297794739718372284e+03,-1.583810128279243834e-01,-1.472711103967884981e-02,1.002254680039972756e+00
1.934375000000000000e+03,1.290663999390249273e+03,-1.553092853718626432e-01,-1.463428522765352485e-02,9.911269885194283757e-01
1.937500000000000000e+03,1.283533259062126490e+03,-1.522984325651020598e-01,-1.453944196098579632e-02,9.800978379891969183e-01
1.940625000000000000e+03,1.276402518734003479e+03,-1.493462127971350584e-01,-1.444302496095916863e-02,9.691697809156754051e-01
1.943750000000000000e+03,1.269271778405880468e+03,-1.464483851970373729e-01,-1.434473575285102019e-02,9.550099497670472282e-01
1.946875000000000000e+03,1.262141038077757685e+03,-1.436035198224551723e-01,-1.424501814056533880e-02,9.390903583400367349e-01
1.950000000000000000e+03,1.255010297749634674e+03,-1.408137373665783731e-01,-1.414356330083800690e-02,9.232651656554173858e-01
1.953125000000000000e+03,1.247879557421511890e+03,-1.380770439618784484e-01,-1.404081408857162962e-02,9.075692227355340869e-01
1.956250000000000000e+03,1.240748817093388880e+03,-1.353936885896495912e-01,-1.393645673259003188e-02,8.920308000846981500e-01
1.959375000000000000e+03,1.233618076765265869e+03,-1.327615567945811259e-01,-1.383093402788227247e-02,8.766581787894194289e-01
1.962500000000000000e+03,1.226487336437143085e+03,-1.301808822923657405e-01,-1.372392652191017914e-02,8.614684696006595921e-01
1.965625000000000000e+03,1.219356596109020074e+03,-1.276495419227703099e-01,-1.361587696786518455e-02,8.464631713985624195e-01
1.968750000000000000e+03,1.212225855780897064e+03,-1.251677871492203331e-01,-1.350646033153393363e-02,8.316545575260689827e-01
1.971875000000000000e+03,1.205095115452774280e+03,-1.227334998520403508e-01,-1.339611942943260900e-02,8.170404622819793516e-01
1.975000000000000000e+03,1.197964375124651269e+03,-1.203469574905811079e-01,-1.328452376308745034e-02,8.026303311348979008e-01
1.978125000000000000e+03,1.190833634796528486e+03,-1.180060529943472714e-01,-1.317211631685062320e-02,7.884197724882968661e-01
1.981250000000000000e+03,1.183702894468405475e+03,-1.157110945331469576e-01,-1.305856124055945755e-02,7.744164692375375969e-01
1.984375000000000000e+03,1.176572154140282464e+03,-1.134599898063450435e-01,-1.294430178625040340e-02,7.606146073932724683e-01
1.987500000000000000e+03,1.169441413812159681e+03,-1.112530806496941777e-01,-1.282899686025592775e-02,7.470207184754703578e-01
1.990625000000000000e+03,1.162310673484036670e+03,-1.090882918219594350e-01,-1.271309007863736899e-02,7.336280374871797516e-01
1.993750000000000000e+03,1.155179933155913659e+03,-1.069660005970899525e-01,-1.259623520900152692e-02,7.204423107822242045e-01
1.996875000000000000e+03,1.148049192827790876e+03,-1.048841501017811623e-01,-1.247887632495001640e-02,7.074561113493182951e-01
2.000000000000000000e+03,1.140918452499667865e+03,-1.028431540064324995e-01,-1.236066215716832492e-02,6.946746301528663459e-01
2.003125000000000000e+03,1.133787712171545081e+03,-1.008409744399410002e-01,-1.224203732774334016e-02,6.820899640675436304e-01
2.006250000000000000e+03,1.126656971843422070e+03,-9.887806186886656523e-02,-1.212264562937229694e-02,6.697069002416534689e-01
2.009375000000000000e+03,1.119526231515299060e+03,-9.695239759701212989e-02,-1.200293232101136073e-02,6.575171852515442339e-01
2.012500000000000000e+03,1.112395491187176276e+03,-9.506446890525849236e-02,-1.188253635343176212e-02,6.455253076619245078e-01
2.015625000000000000e+03,1.105264750859053265e+03,-9.321227613054952621e-02,-1.176190370823177594e-02,6.337227532643384675e-01
2.018750000000000000e+03,1.098134010530930254e+03,-9.139634312684091766e-02,-1.164066858734767729e-02,6.221137887536221101e-01
2.021875000000000000e+03,1.091003270202807471e+03,-8.961468890936982734e-02,-1.151927777811731848e-02,6.106897057955120722e-01
2.025000000000000000e+03,1.083872529874684460e+03,-8.786787348863539515e-02,-1.139736082372025047e-02,5.994546075970317300e-01
2.028125000000000000e+03,1.076741789546561677e+03,-8.615393405993779230e-02,-1.127536539758128113e-02,5.883996432816465116e-01
2.031250000000000000e+03,1.069611049218438666e+03,-8.447346625628873729e-02,-1.115291647113810479e-02,5.775287985851675909e-01
2.034375000000000000e+03,1.062480308890315655e+03,-8.282452485933959607e-02,-1.103046268148522718e-02,5.668331212434076782e-01
2.037500000000000000e+03,1.055349568562192871e+03,-8.120774051277622474e-02,-1.090762451224175367e-02,5.563165167691019874e-01
2.040625000000000000e+03,1.048218828234069861e+03,-7.962118492830771999e-02,-1.078485163897884361e-02,5.459699650467437770e-01
2.043750000000000000e+03,1.041088087905946850e+03,-7.806552309796842282e-02,-1.066176013834640654e-02,5.357973220918033075e-01
2.046875000000000000e+03,1.033957347577824066e+03,-7.653884296730939507e-02,-1.053880079643137492e-02,5.257895276666226803e-01
2.050000000000000000e+03,1.026826607249701055e+03,-7.504184318275114451e-02,-1.041558536072050185e-02,5.159504139299817549e-01
2.053125000000000000e+03,1.019695866921578272e+03,-7.357262720323881622e-02,-1.029256579713093596e-02,5.062709036285185649e-01
2.056250000000000000e+03,1.012565126593455261e+03,-7.213192661707003295e-02,-1.016934959878810357e-02,4.967548265950216257e-01
2.059375000000000000e+03,1.005434386265332250e+03,-7.071785966283372638e-02,-1.004638997807793567e-02,4.873931078750516344e-01
2.062500000000000000e+03,9.983036459372094669e+02,-6.933119014882659081e-02,-9.923290245619283134e-03,4.781895930883280910e-01
2.065625000000000000e+03,9.911729056090864560e+02,-6.797005035394314276e-02,-9.800504924294590331e-03,4.691352256888930983e-01
2.068750000000000000e+03,9.840421652809636726e+02,-6.663523558174118400e-02,-9.677633211190755577e-03,4.602338822964058829e-01
2.071875000000000000e+03,9.769114249528406617e+02,-6.532489141199399052e-02,-9.555131001165924690e-03,4.514765381443618386e-01
2.075000000000000000e+03,9.697806846247176509e+02,-6.403984392063419295e-02,-9.432593443948230141e-03,4.428671135583527319e-01
2.078125000000000000e+03,9.626499442965948674e+02,-6.277825125280774021e-02,-9.310477865377225770e-03,4.343966265482676614e-01
2.081250000000000000e+03,9.555192039684718566e+02,-6.154096953923344354e-02,-9.188375431266892351e-03,4.260690516815240914e-01
2.084375000000000000e+03,9.483884636403488457e+02,-6.032616876182059218e-02,-9.066744955050526356e-03,4.178754586698437690e-01
2.087500000000000000e+03,9.412577233122260623e+02,-5.913473439637937507e-02,-8.945173679419562984e-03,4.098198849575412916e-01
2.090625000000000000e+03,9.341269829841030514e+02,-5.796484754212843926e-02,-8.824121959700859455e-03,4.018934590693704068e-01
2.093750000000000000e+03,9.269962426559802680e+02,-5.681742232016481070e-02,-8.703173173690268577e-03,3.941002883066526685e-01
2.096875000000000000e+03,9.198655023278573708e+02,-5.569065023844866485e-02,-8.582789270663049655e-03,3.864315655326141519e-01
2.100000000000000000e+03,9.127347619997343600e+02,-5.458547337500756907e-02,-8.462549819258905273e-03,3.788914734284233865e-01
2.103125000000000000e+03,9.056040216716115765e+02,-5.350009295025825312e-02,-8.342918412611087173e-03,3.714712733445497683e-01
2.106250000000000000e+03,8.984732813434885657e+02,-5.243547832348628007e-02,-8.223470863531359351e-03,3.641752275989809107e-01
2.109375000000000000e+03,8.913425410153655548e+02,-5.138983974464090415e-02,-8.104672456833866140e-03,3.569946689666285700e-01
2.112500000000000000e+03,8.842118006872427713e+02,-5.036417319228947420e-02,-7.986095300510557757e-03,3.499339425577416285e-01
2.115625000000000000e+03,8.770810603591197605e+02,-4.935669727725077588e-02,-7.868206416884144377e-03,3.429844544678128937e-01
2.118750000000000000e+03,8.699503200309969770e+02,-4.836843394988870476e-02,-7.750574257882729586e-03,3.361506348048473036e-01
2.121875000000000000e+03,8.628195797028739662e+02,-4.739760952819560558e-02,-7.633667627238640598e-03,3.294239639743165027e-01
2.125000000000000000e+03,8.556888393747509554e+02,-4.644527130200681170e-02,-7.517051367405405866e-03,3.228089584650420951e-01
2.128125000000000000e+03,8.485580990466281719e+02,-4.550965265833287199e-02,-7.401196105577754515e-03,3.162971732109483014e-01
2.131250000000000000e+03,8.414273587185051611e+02,-4.459182560983019489e-02,-7.285663119228079181e-03,3.098932117665944563e-01
2.134375000000000000e+03,8.342966183903821502e+02,-4.369002999037095020e-02,-7.170924899294817828e-03,3.035887031515468459e-01
2.137500000000000000e+03,8.271658780622593667e+02,-4.280536193486970259e-02,-7.056539200737369996e-03,2.973883380761117579e-01
2.140625000000000000e+03,8.200351377341363559e+02,-4.193606711824177102e-02,-6.942980416816769973e-03,2.912838186471947699e-01
2.143750000000000000e+03,8.129043974060135724e+02,-4.108326521350702532e-02,-6.829802820503180424e-03,2.852799223190644051e-01
2.146875000000000000e+03,8.057736570778905616e+02,-4.024520714739605876e-02,-6.717482744323548423e-03,2.793684228228948685e-01
2.150000000000000000e+03,7.986429167497675508e+02,-3.942303556350526539e-02,-6.605571017901540679e-03,2.735541835305240199e-01
2.153125000000000000e+03,7.915121764216445399e+02,-3.861500606792207801e-02,-6.494545948412346059e-03,2.678290479474495500e-01
2.156250000000000000e+03,7.843814360935219838e+02,-3.782228372406599287e-02,-6.383954958966103418e-03,2.621979641973456454e-01
2.159375000000000000e+03,7.772506957653989730e+02,-3.704312826177293821e-02,-6.274278365265434539e-03,2.566528433979035073e-01
2.162500000000000000e+03,7.701199554372759621e+02,-3.627872663038479717e-02,-6.165060218998252677e-03,2.511987169782719520e-01
2.165625000000000000e+03,7.629892151091529513e+02,-3.552734214476726410e-02,-6.056782876845826988e-03,2.458275612565130608e-01
2.168750000000000000e+03,7.558584747810299405e+02,-3.479018312313564981e-02,-5.948987052478533002e-03,2.405444893076164881e-01
2.171875000000000000e+03,7.487277344529069296e+02,-3.406551594351255735e-02,-5.842157174631728081e-03,2.353415400380704514e-01
2.175000000000000000e+03,7.415969941247843735e+02,-3.335456979275525091e-02,-5.735830650754243816e-03,2.302239063381722461e-01
2.178125000000000000e+03,7.344662537966613627e+02,-3.265561360692651599e-02,-5.630494011399276265e-03,2.251836869455842993e-01
2.181250000000000000e+03,7.273355134685383518e+02,-3.196989695800243891e-02,-5.525681388030244390e-03,2.202261526118670376e-01
2.184375000000000000e+03,7.202047731404153410e+02,-3.129569085159073644e-02,-5.421881441530331316e-03,2.153434590424369022e-01
2.187500000000000000e+03,7.130740328122923302e+02,-3.063426477782396282e-02,-5.318625056114313285e-03,2.105409528050920520e-01
2.190625000000000000e+03,7.059432924841697741e+02,-2.998389133979527735e-02,-5.216403050311855041e-03,2.058108436368561445e-01
2.193750000000000000e+03,6.988125521560467632e+02,-2.934585949520531270e-02,-5.114743088384198118e-03,2.011585518284694230e-01
2.196875000000000000e+03,6.916818118279237524e+02,-2.871844298879061563e-02,-5.014138172685434110e-03,1.965763381703897472e-01
2.200000000000000000e+03,6.845510714998007415e+02,-2.810294981138358739e-02,-4.914112773432688548e-03,1.920696945523845400e-01
2.203125000000000000e+03,6.774203311716777307e+02,-2.749765440947255987e-02,-4.815162101886384313e-03,1.876309298258099501e-01
2.206250000000000000e+03,6.702895908435551746e+02,-2.690388338848011610e-02,-4.716807458798880776e-03,1.832656053529318485e-01
2.209375000000000000e+03,6.631588505154321638e+02,-2.631991147243769799e-02,-4.619546288387678737e-03,1.789660750626758667e-01
2.212500000000000000e+03,6.560281101873091529e+02,-2.574708347842074793e-02,-4.522896745231591922e-03,1.747379676757054856e-01
2.215625000000000000e+03,6.488973698591861421e+02,-2.518367399915736812e-02,-4.427358529567648575e-03,1.705736792407978319e-01
2.218750000000000000e+03,6.417666295310631313e+02,-2.463104567574157452e-02,-4.332446671858726853e-03,1.664789037590929666e-01
2.221875000000000000e+03,6.346358892029401204e+02,-2.408747257578652823e-02,-4.238663150484565934e-03,1.624460764785949363e-01
2.225000000000000000e+03,6.275051488748175643e+02,-2.355433479174790998e-02,-4.145519892667725616e-03,1.584809546470403452e-01
2.228125000000000000e+03,6.203744085466945535e+02,-2.302990548699392417e-02,-4.053521176153925681e-03,1.545760098466151256e-01
2.231250000000000000e+03,6.132436682185715426e+02,-2.251558184731557166e-02,-3.962175844660605420e-03,1.507370605960010046e-01
2.234375000000000000e+03,6.061129278904485318e+02,-2.200963576703240596e-02,-3.871990495677970524e-03,1.469566120066526094e-01
2.237500000000000000e+03,5.989821875623255210e+02,-2.151348118152277000e-02,-3.782470908057233589e-03,1.432405419567968352e-01
2.240625000000000000e+03,5.918514472342029649e+02,-2.102538836519484214e-02,-3.694126018598488034e-03,1.395813863546791489e-01
2.243750000000000000e+03,5.847207069060799540e+02,-2.054678767317001317e-02,-3.606458558870700905e-03,1.359850805984407773e-01
2.246875000000000000e+03,5.775899665779569432e+02,-2.007594742265794707e-02,-3.519979823790579491e-03,1.324441887367239223e-01
2.250000000000000000e+03,5.704592262498339323e+02,-1.961431407221810030e-02,-3.434189514218729047e-03,1.289647019259116678e-01
2.253125000000000000e+03,5.633284859217109215e+02,-1.916015365773636459e-02,-3.349601301258288508e-03,1.255392097797435047e-01
2.256250000000000000e+03,5.561977455935883654e+02,-1.871492843805826201e-02,-3.265711870660040293e-03,1.221737575295334804e-01
2.259375000000000000e+03,5.490670052654653546e+02,-1.827690185641155790e-02,-3.183037287102600914e-03,1.188609578616092177e-01
2.262500000000000000e+03,5.419362649373423437e+02,-1.784755168154808155e-02,-3.101071235891056637e-03,1.156069084884310399e-01
2.265625000000000000e+03,5.348055246092193329e+02,-1.742513846508433190e-02,-3.020332192010477101e-03,1.124042427604619726e-01
2.268750000000000000e+03,5.276747842810963220e+02,-1.701115520768651385e-02,-2.940310854087041775e-03,1.092591093568315019e-01
2.271875000000000000e+03,5.205440439529733112e+02,-1.660385928239492548e-02,-2.861528123523636533e-03,1.061641599721730306e-01
2.275000000000000000e+03,5.134133036248507551e+02,-1.620475865579944913e-02,-2.783471725168685986e-03,1.031255928252306497e-01
2.278125000000000000e+03,5.062825632967277443e+02,-1.581210724700279208e-02,-2.706665002378778190e-03,1.001360757214609654e-01
2.281250000000000000e+03,4.991518229686047334e+02,-1.542742773414155881e-02,-2.630592718288423271e-03,9.720185507669262814e-02
2.284375000000000000e+03,4.920210826404817226e+02,-1.504897031821431780e-02,-2.555780673185341790e-03,9.431561265920937465e-02
2.287500000000000000e+03,4.848903423123587118e+02,-1.467827214577879444e-02,-2.481710679767456552e-03,9.148364182351723106e-02
2.290625000000000000e+03,4.777596019842361557e+02,-1.431357944637483108e-02,-2.408911009706533012e-03,8.869863623584164913e-02
2.293750000000000000e+03,4.706288616561131448e+02,-1.395644360271261139e-02,-2.336860535766819864e-03,8.596693501685309657e-02
2.296875000000000000e+03,4.634981213279901340e+02,-1.360510662995451092e-02,-2.266090014973384196e-03,8.328124174734072294e-02
2.300000000000000000e+03,4.563673809998671800e+02,-1.326113392518364804e-02,-2.196075389917945177e-03,8.064794022155888364e-02
2.303125000000000000e+03,4.492366406717441691e+02,-1.292276305631823337e-02,-2.127349916484205967e-03,7.805974203606183548e-02
2.306250000000000000e+03,4.421059003436216130e+02,-1.259157322316678713e-02,-2.059386616146858216e-03,7.552307464369552303e-02
2.309375000000000000e+03,4.349751600154986022e+02,-1.226579732321196256e-02,-1.992721256714915633e-03,7.303065583270267058e-02
2.312500000000000000e+03,4.278444196873755914e+02,-1.194702815710695955e-02,-1.926823946917830856e-03,7.058895577994524217e-02
2.315625000000000000e+03,4.207136793592525805e+02,-1.163349373802534739e-02,-1.862232979146536543e-03,6.819069671736555094e-02
2.318750000000000000e+03,4.135829390311295697e+02,-1.132680027500247710e-02,-1.798415557103182419e-03,6.584239068527859839e-02
2.321875000000000000e+03,4.064521987030065588e+02,-1.102517069198577851e-02,-1.735912510033341127e-03,6.353676268541555427e-02
2.325000000000000000e+03,3.993214583748840028e+02,-1.073022442300276824e-02,-1.674188143694447248e-03,6.128036583116796415e-02
2.328125000000000000e+03,3.921907180467609919e+02,-1.044017910647039929e-02,-1.613785836102595971e-03,5.906592628699518926e-02
2.331250000000000000e+03,3.850599777186379811e+02,-1.015666722674838686e-02,-1.554167001539454290e-03,5.690003752406765092e-02
2.334375000000000000e+03,3.779292373905149702e+02,-9.877900948691602928e-03,-1.495877578374321584e-03,5.477542533131114083e-02
2.337500000000000000e+03,3.707984970623919594e+02,-9.605525640745132473e-03,-1.438376095298911665e-03,5.269872288178073516e-02
2.340625000000000000e+03,3.636677567342694033e+02,-9.337747814098882465e-03,-1.382211062294228746e-03,5.066265411710067779e-02
2.343750000000000000e+03,3.565370164061463925e+02,-9.076225563132808011e-03,-1.326838127792972924e-03,4.867389132402476226e-02
2.346875000000000000e+03,3.494062760780233816e+02,-8.819159572884652937e-03,-1.272808384351770735e-03,4.672515518194970269e-02
2.350000000000000000e+03,3.422755357499003708e+02,-8.568220513291502707e-03,-1.219574604923481928e-03,4.482315656541516202e-02
2.353125000000000000e+03,3.351447954217773599e+02,-8.321603078057309213e-03,-1.167690475338138516e-03,4.296061153478279715e-02
2.356250000000000000e+03,3.280140550936548038e+02,-8.080990369777159982e-03,-1.116605897322094565e-03,4.114426908511602254e-02
2.359375000000000000e+03,3.208833147655317930e+02,-7.844570932634374605e-03,-1.066877160420345557e-03,3.936683935581278271e-02
2.362500000000000000e+03,3.137525744374087822e+02,-7.614040166172858330e-03,-1.017951298887453861e-03,3.763510905068944562e-02
2.365625000000000000e+03,3.066218341092857713e+02,-7.387580313565945273e-03,-9.703872161825893719e-04,3.594178113952788828e-02
2.368750000000000000e+03,2.994910937811627605e+02,-7.166898942501560843e-03,-9.236290823562862086e-04,3.429367967596525651e-02
2.371875000000000000e+03,2.923603534530397496e+02,-6.950171850070649936e-03,-8.782384247682578290e-04,3.268349925662772382e-02
2.375000000000000000e+03,2.852296131249171935e+02,-6.739118649926207141e-03,-8.336565520589730820e-04,3.111810098000699146e-02
2.378125000000000000e+03,2.780988727967941827e+02,-6.531908554147156445e-03,-7.904476252745644416e-04,2.959016991663743906e-02
2.381250000000000000e+03,2.709681324686711719e+02,-6.330273106538939973e-03,-7.480500939890645734e-04,2.810660394825222758e-02
2.384375000000000000e+03,2.638373921405481610e+02,-6.132374801103438258e-03,-7.070307625306283600e-04,2.666007750773019547e-02
2.387500000000000000e+03,2.567066518124251502e+02,-5.939957002096617200e-03,-6.668252233141879013e-04,2.525752504869324677e-02
2.390625000000000000e+03,2.495759114843025941e+02,-5.751175357995972140e-03,-6.280029333795112767e-04,2.389160929467028238e-02
2.393750000000000000e+03,2.424451711561795832e+02,-5.567784949669789089e-03,-5.899966294683065470e-04,2.256930110385538951e-02
2.396875000000000000e+03,2.353144308280565724e+02,-5.387934457979591356e-03,-5.533784305999673442e-04,2.128325045572221699e-02
2.400000000000000000e+03,2.281836904999335900e+02,-5.213390582194042146e-03,-5.175782189226317423e-04,2.004046448620983023e-02
2.403125000000000000e+03,2.210529501718105791e+02,-5.042294918594032553e-03,-4.831707845650068172e-04,1.883357943560590858e-02
2.406250000000000000e+03,2.139222098436880231e+02,-4.876425692027470254e-03,-4.495831557634480738e-04,1.766963863098379786e-02
2.409375000000000000e+03,2.067914695155650122e+02,-4.713917302125187475e-03,-4.173928027616207858e-04,1.654126360662282885e-02
2.412500000000000000e+03,1.996607291874420014e+02,-4.556559411667884633e-03,-3.860239001830046215e-04,1.545553383235449309e-02
2.415625000000000000e+03,1.925299888593189905e+02,-4.402479116231913792e-03,-3.560566072751433059e-04,1.440505520561775887e-02
2.418750000000000000e+03,1.853992485311959797e+02,-4.253477433846452119e-03,-3.269122449797337679e-04,1.339694332591606987e-02
2.421875000000000000e+03,1.782685082030729689e+02,-4.107674053080915925e-03,-2.991736703305252626e-04,1.242378754793396420e-02
2.425000000000000000e+03,1.711377678749504128e+02,-3.966881269294086389e-03,-2.722593501688485174e-04,1.149273962168873009e-02
2.428125000000000000e+03,1.640070275468274019e+02,-3.829211265338477218e-03,-2.467548480020756939e-04,1.059637148374945048e-02
2.431250000000000000e+03,1.568762872187043911e+02,-3.696487540539459150e-03,-2.220757757996138040e-04,9.741871089838488249e-03
2.434375000000000000e+03,1.497455468905813802e+02,-3.566814677380901119e-03,-1.988104121613625778e-04,8.921792103497592011e-03
2.437500000000000000e+03,1.426148065624583694e+02,-3.442027310162993226e-03,-1.763715130749880496e-04,8.143358770552534820e-03
2.440625000000000000e+03,1.354840662343358133e+02,-3.320222330198414028e-03,-1.553500807717606263e-04,7.399105654388653946e-03
2.443750000000000000e+03,1.283533259062128025e+02,-3.203245441970272410e-03,-1.351560138298723787e-04,6.696293405933899205e-03
2.446875000000000000e+03,1.212225855780897916e+02,-3.089185758495965189e-03,-1.163830465957778007e-04,6.027436677975580789e-03
2.450000000000000000e+03,1.140918452499667950e+02,-2.979899993664822562e-03,-9.843821848988483026e-05,5.399832669575133429e-03
2.453125000000000000e+03,1.069611049218437842e+02,-2.873469398571753750e-03,-8.191800440702082036e-05,4.805975336496575920e-03
2.456250000000000000e+03,9.983036459372122806e+01,-2.771761639591102493e-03,-6.622658255602421190e-05,4.253198594633344001e-03
2.459375000000000000e+03,9.269962426559821722e+01,-2.672850025599263213e-03,-5.196317677214083361e-05,3.733974933421490422e-03
2.462500000000000000e+03,8.556888393747520638e+01,-2.578613122229339496e-03,-3.852910170060743183e-05,3.255675177839392493e-03
2.465625000000000000e+03,7.843814360935219554e+01,-2.487116219011542995e-03,-2.652633847964720683e-05,2.810749598047050657e-03
2.468750000000000000e+03,7.130740328122918470e+01,-2.400248731153780540e-03,-1.535333554705195988e-05,2.406606150200697302e-03
2.471875000000000000e+03,6.417666295310662861e+01,-2.316067854726068780e-03,-5.614839680239322338e-06,2.035672145541973094e-03
2.475000000000000000e+03,5.704592262498362487e+01,-2.236473808224441473e-03,3.293569812157869872e-06,1.705392913869856544e-03
2.478125000000000000e+03,4.991518229686061403e+01,-2.159515623011289565e-03,1.076437219238783494e-05,1.408172082332638389e-03
2.481250000000000000e+03,4.278444196873760319e+01,-2.087104277841850871e-03,1.740486048179430950e-05,1.151492619735479351e-03
2.484375000000000000e+03,3.565370164061459235e+01,-2.017280570847623713e-03,2.260473166425969210e-05,9.277337588163528815e-04
2.487500000000000000e+03,2.852296131249158506e+01,-1.951966201140171216e-03,2.697415455935754365e-05,7.444163929240163718e-04
2.490625000000000000e+03,2.139222098436902897e+01,-1.889193667682020732e-03,2.990003556019438162e-05,5.938946596888217740e-04
2.493750000000000000e+03,1.426148065624601990e+01,-1.830895353036367636e-03,3.199542301262642020e-05,4.837276843091923586e-04
2.496875000000000000e+03,7.130740328123009952e+00,-1.775095393519185525e-03,3.264442439788586755e-05,4.062438188559763862e-04
2.500000000000000000e+03,-7.352140104080605545e-41,-1.723736821118023420e-03,3.246297156997838868e-05,3.690407489267466317e-04
